,A1,,,,,,,,,,,,,,,,
,,,,Mon,,,Tue,,,Wed,,,Thu,,,Fri,
,0  (8:00 - 8:25),,,,,,,,,,,,,,,,
,HG  (8:25 - 8:35),,B6.1,LEUN,A1,B6.1,LEUN,A1,B6.1,LEUN,A1,B6.1,LEUN,A1,B6.1,LEUN,A1
,,,,,,,,,9:00 - 9:10,,,,,,,,
,1  (8:35 - 9:55),,8PHP.P,COOK,A1,7SCI.C,LEUN,A1,12BIO.A,LAMS,A1,7SCI.S,LEUN,A1,,,
,,,,,,,,,9:10 - 10:25,,,,,,,,
,R1  (9:55 - 10:10),,,,,,,,,,,,,,,,
,2  (10:10 - 11:30),,,,,10SCI.D,LEUN,A1,XXXXX,,,10SCI.D,LEUN,A1,10SCI.D,LEUN,A1
,,,,,,,,,XXXXX,,,,,,10:15 - 11:35,,
,R2  (11:30 - 11:45),,,,,,,,,,,,,,,,
,3  (11:45 - 13:00),,7SCI.S,LEUN,A1,,,,11BIO.A,LEUN,A1,7SCI.C,LEUN,A1,7SCI.S,LEUN,A1
,,,,,,,,,10:55 - 12:10,,,,,,11:50 - 13:05,,
,L1  (13:00 - 13:20),,,,,,,,,,,,,,,,
,L2  (13:20 - 13:35),,,,,,,,,,,,,,,,
,4  (13:35 - 14:50),,11BIO.A,LEUN,A1,8SCI.P,LEUN,A1,,,,12BIO.A,LAMS,A1,7SCI.C,LEUN,A1
,5  (14:50 - 15:10),,,,,,,,,,,,,,,,


,A11,,,,,,,,,,,,,,,,
,,,,Mon,,,Tue,,,Wed,,,Thu,,,Fri,
,0  (8:00 - 8:25),,,,,,,,,,,,,,,,
,HG  (8:25 - 8:35),,P9.1,COOK,A11,P9.1,COOK,A11,P9.1,COOK,A11,P9.1,COOK,A11,P9.1,COOK,A11
,,,,,,,,,9:00 - 9:10,,,,,,,,
,1  (8:35 - 9:55),,12CFS.B,WILL,A11,12CFS.B,WILL,A11,,,,12PHP.A,WILL,A11,9PAS.B,WILL,A11
,R1  (9:55 - 10:10),,,,,,,,,,,,,,,,
,2  (10:10 - 11:30),,11CFS.C,WILL,A11,11CFS.C,WILL,A11,XXXXX,,,11CFS.C,WILL,A11,9CHS.A,COOK,A11
,,,,,,,,,XXXXX,,,,,,10:15 - 11:35,,
,R2  (11:30 - 11:45),,,,,,,,,,,,,,,,
,3  (11:45 - 13:00),,11PHP.B,DEWH,A11,11PHP.B,DEWH,A11,7PHP.T,TRUE,A11,8PHP.C,SCAR,A11,12CFS.B,WILL,A11
,,,,,,,,,10:55 - 12:10,,,,,,11:50 - 13:05,,
,L1  (13:00 - 13:20),,,,,,,,,,,,,,,,
,L2  (13:20 - 13:35),,,,,,,,,,,,,,,,
,4  (13:35 - 14:50),,12PHP.A,WILL,A11,8PHP.C,SCAR,A11,SPORT.1,WILL,A11,10PHP.D,WILL,A11,12PHP.A,WILL,A11
,,,,,,,,,12:50 - 14:30,,,,,,,,
,5  (14:50 - 15:10),,,,,,,,,,,,,,,,


,A12,,,,,,,,,,,,,,,,
,,,,Mon,,,Tue,,,Wed,,,Thu,,,Fri,
,0  (8:00 - 8:25),,,,,,,,,,,,,,,,
,HG  (8:25 - 8:35),,M2.1,LEON,A12,M2.1,LEON,A12,M2.1,LEON,A12,M2.1,LEON,A12,M2.1,LEON,A12
,,,,,,,,,9:00 - 9:10,,,,,,,,
,1  (8:35 - 9:55),,8PHP.T,TRUE,A12,7PHP.T,TRUE,A12,10CHS.A,BART,A12,10PAS.B,GAY,A12,8PHP.E,LEON,A12
,,,,,,,,,9:10 - 10:25,,,,,,,,
,R1  (9:55 - 10:10),,,,,,,,,,,,,,,,
,2  (10:10 - 11:30),,8PHP.Y,TRUE,A12,7PHP.Y,BART,A12,XXXXX,,,7PHP.Y,BART,A12,11PHP.A,LEON,A12
,,,,,,,,,XXXXX,,,,,,10:15 - 11:35,,
,R2  (11:30 - 11:45),,,,,,,,,,,,,,,,
,3  (11:45 - 13:00),,11PHP.A,LEON,A12,11PHP.A,LEON,A12,8PHP.E,LEON,A12,8PHP.P,COOK,A12,7PHP.E,TRUE,A12
,,,,,,,,,10:55 - 12:10,,,,,,11:50 - 13:05,,
,L1  (13:00 - 13:20),,,,,,,,,,,,,,,,
,L2  (13:20 - 13:35),,,,,,,,,,,,,,,,
,4  (13:35 - 14:50),,7PHP.S,COOK,A12,9PHP.B,LEON,A12,,,,8PHP.S,COOK,A12,10CHS.A,BART,A12
,5  (14:50 - 15:10),,,,,,,,,,,,,,,,


,A13,,,,,,,,,,,,,,,,
,,,,Mon,,,Tue,,,Wed,,,Thu,,,Fri,
,0  (8:00 - 8:25),,,,,,,,,,,,,,,,
,HG  (8:25 - 8:35),,P7.1,TRUE,A13,P7.1,TRUE,A13,P7.1,TRUE,A13,P7.1,TRUE,A13,P7.1,TRUE,A13
,,,,,,,,,9:00 - 9:10,,,,,,,,
,1  (8:35 - 9:55),,12CFS.A,FARN,A13,12CFS.A,FARN,A13,11SLR.A,TRUE,A13,12PHP.B,SCAR,A13,7PHP.R,SCAR,A13
,,,,,,,,,9:10 - 10:25,,,,,,,,
,R1  (9:55 - 10:10),,,,,,,,,,,,,,,,
,2  (10:10 - 11:30),,12ENB.A,TALE,A13,12ENB.A,TALE,A13,XXXXX,,,9PAS.B,SCAR,A13,9PAS.A,BART,A13
,,,,,,,,,XXXXX,,,,,,10:15 - 11:35,,
,R2  (11:30 - 11:45),,,,,,,,,,,,,,,,
,3  (11:45 - 13:00),,10PHP.C,FARN,A13,9PAS.A,BART,A13,7PHP.R,SCAR,A13,7PHP.P,FARN,A13,12CFS.A,FARN,A13
,,,,,,,,,10:55 - 12:10,,,,,,11:50 - 13:05,,
,L1  (13:00 - 13:20),,,,,,,,,,,,,,,,
,L2  (13:20 - 13:35),,,,,,,,,,,,,,,,
,4  (13:35 - 14:50),,12PHP.B,SCAR,A13,9PHP.A,FARN,A13,,,,10PHP.A,TRUE,A13,10PAS.A,FARN,A13
,5  (14:50 - 15:10),,,,,,,,,,,,,,,,


,A14,,,,,,,,,,,,,,,,
,,,,Mon,,,Tue,,,Wed,,,Thu,,,Fri,
,0  (8:00 - 8:25),,,,,,,,,,,,,,,,
,HG  (8:25 - 8:35),,,,,,,,,,,,,,,,
,1  (8:35 - 9:55),,11ELD.A,AHMA,A14,12FTC.A,KELL,A14,10FTC.B,KELL,A14,11CFS.A,BART,A14,11SLR.A,TRUE,A14
,,,,,,,,,9:10 - 10:25,,,,,,,,
,R1  (9:55 - 10:10),,,,,,,,,,,,,,,,
,2  (10:10 - 11:30),,7TMHE.1,TURN,A14,,,,XXXXX,,,9FTC.A,MALH,A14,,,
,R2  (11:30 - 11:45),,,,,,,,,,,,,,,,
,3  (11:45 - 13:00),,10PHP.A,TRUE,A14,9FTC.B,MALH,A14,9NDT.1,TURN,A14,11ELD.A,AHMA,A14,12SLR.A,SCAR,A14
,,,,,,,,,10:55 - 12:10,,,,,,11:50 - 13:05,,
,L1  (13:00 - 13:20),,,,,,,,,,,,,,,,
,L2  (13:20 - 13:35),,,,,,,,,,,,,,,,
,4  (13:35 - 14:50),,10WKS.1,LEON,A14,11SLR.A,TRUE,A14,,,,10PHP.C,FARN,A14,11ELD.A,AHMA,A14
,5  (14:50 - 15:10),,,,,,,,,,,,,,,,


,A15,,,,,,,,,,,,,,,,
,,,,Mon,,,Tue,,,Wed,,,Thu,,,Fri,
,0  (8:00 - 8:25),,,,,,,,,,,,,,,,
,HG  (8:25 - 8:35),,,,,,,,,,,,,,,,
,1  (8:35 - 9:55),,12SLR.A,SCAR,A15,11CFS.A,BART,A15,8PHP.R,PAG,A15,9PHP.A,FARN,A15,,,
,,,,,,,,,9:10 - 10:25,,,,,,,,
,R1  (9:55 - 10:10),,,,,,,,,,,,,,,,
,2  (10:10 - 11:30),,,,,,,,XXXXX,,,,,,11PHP.B,DEWH,A15
,,,,,,,,,XXXXX,,,,,,10:15 - 11:35,,
,R2  (11:30 - 11:45),,,,,,,,,,,,,,,,
,3  (11:45 - 13:00),,8PHP.R,COOK,A15,9CHS.A,COOK,A15,,,,7ENG.S,EVAN,A15,11CFS.A,BART,A15
,,,,,,,,,,,,,,,11:50 - 13:05,,
,L1  (13:00 - 13:20),,,,,,,,,,,,,,,,
,L2  (13:20 - 13:35),,,,,,,,,,,,,,,,
,4  (13:35 - 14:50),,7PHP.P,FARN,A15,9PHP.C,BART,A15,,,,11UAVAIR.A,DEWH,A15,,,
,5  (14:50 - 15:10),,,,,,,,,,,,,,,,


,A16,,,,,,,,,,,,,,,,
,,,,Mon,,,Tue,,,Wed,,,Thu,,,Fri,
,0  (8:00 - 8:25),,,,,,,,,,,,,,,,
,HG  (8:25 - 8:35),,B5.1,MALH,A16,B5.1,MALH,A16,B5.1,MALH,A16,B5.1,MALH,A16,B5.1,MALH,A16
,,,,,,,,,9:00 - 9:10,,,,,,,,
,1  (8:35 - 9:55),,7TMHE.6,MALH,A16,7TMHE.3,MALH,A16,7TMHE.3,MALH,A16,8TMHE.9,MILM,A16,7TMHE.8,TURN,A16
,,,,,,,,,9:10 - 10:25,,,,,,,,
,R1  (9:55 - 10:10),,,,,,,,,,,,,,,,
,2  (10:10 - 11:30),,8TMHE.8,MILM,A16,7TMHE.6,MALH,A16,XXXXX,,,7TMHE.9,MILM,A16,12VETHFB.B,MILM,A16
,,,,,,,,,XXXXX,,,,,,10:15 - 11:35,,
,R2  (11:30 - 11:45),,,,,,,,,,,,,,,,
,3  (11:45 - 13:00),,10PHP.B,GAY,A16,8TMHE.1,KELL,A16,11FTC.A,DONO,A16,8TMHE.1,DONO,A16,,,
,,,,,,,,,10:55 - 12:10,,,,,,,,
,L1  (13:00 - 13:20),,,,,,,,,,,,,,,,
,L2  (13:20 - 13:35),,,,,,,,,,,,,,,,
,4  (13:35 - 14:50),,11FTC.A,DONO,A16,8TMHE.3,MALH,A16,,,,11FTC.A,DONO,A16,9NDT.1,TURN,A16
,5  (14:50 - 15:10),,,,,,,,,,,,,,,,


,A17,,,,,,,,,,,,,,,,
,,,,Mon,,,Tue,,,Wed,,,Thu,,,Fri,
,0  (8:00 - 8:25),,,,,,,,,,,,,,,,
,HG  (8:25 - 8:35),,B3.1,DEWH,A17,B3.1,DEWH,A17,B3.1,DEWH,A17,B3.1,DEWH,A17,B3.1,DEWH,A17
,,,,,,,,,9:00 - 9:10,,,,,,,,
,1  (8:35 - 9:55),,7ENG.S,EVAN,A17,12SLR.A,SCAR,A17,11CFS.B,GAY,A17,9PHP.D,COOK,A17,11CFS.B,GAY,A17
,,,,,,,,,9:10 - 10:25,,,,,,,,
,R1  (9:55 - 10:10),,,,,,,,,,,,,,,,
,2  (10:10 - 11:30),,7GEO.E,HARZ,A17,,,,XXXXX,,,,,,12CFS.C,GAY,A17
,,,,,,,,,XXXXX,,,,,,10:15 - 11:35,,
,R2  (11:30 - 11:45),,,,,,,,,,,,,,,,
,3  (11:45 - 13:00),,10PHP.E,SCAR,A17,12CFS.C,GAY,A17,7PHP.C,PAG,A17,12CFS.C,GAY,A17,7PHP.C,COOK,A17
,,,,,,,,,10:55 - 12:10,,,,,,11:50 - 13:05,,
,L1  (13:00 - 13:20),,,,,,,,,,,,,,,,
,L2  (13:20 - 13:35),,,,,,,,,,,,,,,,
,4  (13:35 - 14:50),,10PAS.B,GAY,A17,11CFS.B,GAY,A17,,,,10PHP.B,GAY,A17,12PHP.B,SCAR,A17
,5  (14:50 - 15:10),,,,,,,,,,,,,,,,


,A2,,,,,,,,,,,,,,,,
,,,,Mon,,,Tue,,,Wed,,,Thu,,,Fri,
,0  (8:00 - 8:25),,,,,,,,,,,,,,,,
,HG  (8:25 - 8:35),,,,,,,,,,,,,,,,
,1  (8:35 - 9:55),,,,,,,,,,,10WKS.1,LEON,A2,,,
,R1  (9:55 - 10:10),,,,,,,,,,,,,,,,
,2  (10:10 - 11:30),,,,,,,,XXXXX,,,,,,,,
,R2  (11:30 - 11:45),,,,,,,,,,,,,,,,
,3  (11:45 - 13:00),,,,,,,,,,,,,,,,
,L1  (13:00 - 13:20),,,,,,,,,,,,,,,,
,L2  (13:20 - 13:35),,,,,,,,,,,,,,,,
,4  (13:35 - 14:50),,,,,,,,,,,,,,,,
,5  (14:50 - 15:10),,,,,,,,,,,,,,,,


,A3,,,,,,,,,,,,,,,,
,,,,Mon,,,Tue,,,Wed,,,Thu,,,Fri,
,0  (8:00 - 8:25),,,,,,,,,,,,,,,,
,HG  (8:25 - 8:35),,M6.1,MILM,A3,M6.1,MILM,A3,M6.1,MILM,A3,M6.1,MILM,A3,M6.1,MILM,A3
,,,,,,,,,9:00 - 9:10,,,,,,,,
,1  (8:35 - 9:55),,,,,,,,,,,,,,9FTC.A,MALH,A3
,R1  (9:55 - 10:10),,,,,,,,,,,,,,,,
,2  (10:10 - 11:30),,,,,,,,XXXXX,,,,,,9FTC.B,MALH,A3
,,,,,,,,,XXXXX,,,,,,10:15 - 11:35,,
,R2  (11:30 - 11:45),,,,,,,,,,,,,,,,
,3  (11:45 - 13:00),,STAJ,MILM,A3,,,,9NFD.1,MALH,A3,8TMHE.3,MALH,A3,8TMHE.8,MILM,A3
,,,,,,,,,10:55 - 12:10,,,,,,11:50 - 13:05,,
,L1  (13:00 - 13:20),,,,,,,,,,,,,,,,
,L2  (13:20 - 13:35),,,,,,,,,,,,,,,,
,4  (13:35 - 14:50),,,,,,,,,,,,,,9NFD.1,MALH,A3
,5  (14:50 - 15:10),,,,,,,,,,,,,,,,


,A4,,,,,,,,,,,,,,,,
,,,,Mon,,,Tue,,,Wed,,,Thu,,,Fri,
,0  (8:00 - 8:25),,,,,,,,,,,,,,,,
,HG  (8:25 - 8:35),,,,,,,,,,,,,,,,
,1  (8:35 - 9:55),,7TMHE.9,MILM,A4,,,,,,,,,,,,
,R1  (9:55 - 10:10),,,,,,,,,,,,,,,,
,2  (10:10 - 11:30),,,,,,,,XXXXX,,,,,,,,
,R2  (11:30 - 11:45),,,,,,,,,,,,,,,,
,3  (11:45 - 13:00),,,,,,,,,,,,,,,,
,L1  (13:00 - 13:20),,,,,,,,,,,,,,,,
,L2  (13:20 - 13:35),,,,,,,,,,,,,,,,
,4  (13:35 - 14:50),,,,,,,,,,,,,,,,
,5  (14:50 - 15:10),,,,,,,,,,,,,,,,


,A5,,,,,,,,,,,,,,,,
,,,,Mon,,,Tue,,,Wed,,,Thu,,,Fri,
,0  (8:00 - 8:25),,,,,,,,,,,,,,,,
,HG  (8:25 - 8:35),,B9.1,KELL,A5,B9.1,KELL,A5,B9.1,KELL,A5,B9.1,KELL,A5,B9.1,KELL,A5
,,,,,,,,,9:00 - 9:10,,,,,,,,
,1  (8:35 - 9:55),,12FTC.A,KELL,A5,8TMHE.9,MILM,A5,11VETHKO.A,MILM,A5,10FTC.A,MALH,A5,12VETHFB.A,KELL,A5
,,,,,,,,,9:10 - 10:25,,,,,,,,
,R1  (9:55 - 10:10),,,,,,,,,,,,,,,,
,2  (10:10 - 11:30),,11VETHFB.A,KELL,A5,11VETHFB.A,KELL,A5,XXXXX,,,11VETHFB.A,KELL,A5,,,
,R2  (11:30 - 11:45),,,,,,,,,,,,,,,,
,3  (11:45 - 13:00),,12VETHFB.A,KELL,A5,12VETHFB.B,MILM,A5,12VETHFB.A,KELL,A5,12VETHFB.B,MILM,A5,12FTC.A,KELL,A5
,,,,,,,,,10:55 - 12:10,,,,,,11:50 - 13:05,,
,L1  (13:00 - 13:20),,,,,,,,,,,,,,,,
,L2  (13:20 - 13:35),,,,,,,,,,,,,,,,
,4  (13:35 - 14:50),,10FTC.A,MALH,A5,11VETHKO.A,MILM,A5,,,,,,,10FTC.B,KELL,A5
,5  (14:50 - 15:10),,,,,,,,,,,,,,,,


,C2,,,,,,,,,,,,,,,,
,,,,Mon,,,Tue,,,Wed,,,Thu,,,Fri,
,0  (8:00 - 8:25),,,,,,,,,,,,,,,,
,HG  (8:25 - 8:35),,,,,,,,,,,,,,,,
,1  (8:35 - 9:55),,,,,,,,12VETCON.A,PARN,C2,,,,9ITW.A,BRUI,C2
,,,,,,,,,9:10 - 10:25,,,,,,,,
,R1  (9:55 - 10:10),,,,,,,,,,,,,,,,
,2  (10:10 - 11:30),,8TMIA.0,BRUI,C2,8TMIA.7,TURN,C2,XXXXX,,,9ITW.A,BRUI,C2,9ITW.B,TURN,C2
,,,,,,,,,XXXXX,,,,,,10:15 - 11:35,,
,R2  (11:30 - 11:45),,,,,,,,,,,,,,,,
,3  (11:45 - 13:00),,,,,12INT.A,BRUI,C2,8TMIA.4,RICC,C2,12INT.A,BRUI,C2,8TMIA.0,RICC,C2
,,,,,,,,,10:55 - 12:10,,,,,,11:50 - 13:05,,
,L1  (13:00 - 13:20),,,,,,,,,,,,,,,,
,L2  (13:20 - 13:35),,,,,,,,,,,,,,,,
,4  (13:35 - 14:50),,10ITW.A,BRUI,C2,8TMIA.4,RICC,C2,,,,,,,,,
,5  (14:50 - 15:10),,,,,,,,,,,,,,,,


,C3,,,,,,,,,,,,,,,,
,,,,Mon,,,Tue,,,Wed,,,Thu,,,Fri,
,0  (8:00 - 8:25),,,,,,,,,,,,,,,,
,HG  (8:25 - 8:35),,,,,,,,,,,,,,,,
,1  (8:35 - 9:55),,8TMIA.5,RICC,C3,8TMIA.5,RICC,C3,10ITW.B,RICC,C3,10ITW.A,BRUI,C3,,,
,,,,,,,,,9:10 - 10:25,,,,,,,,
,R1  (9:55 - 10:10),,,,,,,,,,,,,,,,
,2  (10:10 - 11:30),,,,,11VETCON.A,PARN,C3,XXXXX,,,11VETCON.A,PARN,C3,11INT.A,PARN,C3
,,,,,,,,,XXXXX,,,,,,10:15 - 11:35,,
,R2  (11:30 - 11:45),,,,,,,,,,,,,,,,
,3  (11:45 - 13:00),,11INT.A,PARN,C3,9ITW.B,TURN,C3,,,,8TMIA.2,TURN,C3,8TMIA.7,TURN,C3
,,,,,,,,,,,,,,,11:50 - 13:05,,
,L1  (13:00 - 13:20),,,,,,,,,,,,,,,,
,L2  (13:20 - 13:35),,,,,,,,,,,,,,,,
,4  (13:35 - 14:50),,,,,12VETCON.A,PARN,C3,,,,12VETCON.A,PARN,C3,10ITW.B,RICC,C3
,5  (14:50 - 15:10),,,,,,,,,,,,,,,,


,C4,,,,,,,,,,,,,,,,
,,,,Mon,,,Tue,,,Wed,,,Thu,,,Fri,
,0  (8:00 - 8:25),,,,,,,,,,,,,,,,
,HG  (8:25 - 8:35),,,,,,,,,,,,,,,,
,1  (8:35 - 9:55),,7TMIA.7,DONO,C4,7TMIA.2,BRUI,C4,7TMIA.4,TURN,C4,,,,7TMIA.5,RICC,C4
,,,,,,,,,9:10 - 10:25,,,,,,,,
,R1  (9:55 - 10:10),,,,,,,,,,,,,,,,
,2  (10:10 - 11:30),,,,,7TMIA.5,BRUI,C4,XXXXX,,,7TMIA.7,DONO,C4,,,
,R2  (11:30 - 11:45),,,,,,,,,,,,,,,,
,3  (11:45 - 13:00),,,,,8TMIA.2,DONO,C4,,,,,,,,,
,L1  (13:00 - 13:20),,,,,,,,,,,,,,,,
,L2  (13:20 - 13:35),,,,,,,,,,,,,,,,
,4  (13:35 - 14:50),,,,,,,,,,,7TMIA.2,BRUI,C4,,,
,5  (14:50 - 15:10),,,,,,,,,,,,,,,,


,C5,,,,,,,,,,,,,,,,
,,,,Mon,,,Tue,,,Wed,,,Thu,,,Fri,
,0  (8:00 - 8:25),,,,,,,,,,,,,,,,
,HG  (8:25 - 8:35),,P6.1,TURN,C5,P6.1,TURN,C5,P6.1,TURN,C5,P6.1,TURN,C5,P6.1,TURN,C5
,,,,,,,,,9:00 - 9:10,,,,,,,,
,1  (8:35 - 9:55),,7TMHE.8,TURN,C5,7TMIA.4,BONL,C5,12DAT.A,DONO,C5,10DAT.A,DONO,C5,11VETHKO.A,MILM,C5
,,,,,,,,,9:10 - 10:25,,,,,,,,
,R1  (9:55 - 10:10),,,,,,,,,,,,,,,,
,2  (10:10 - 11:30),,11EST.A,RICC,C5,11EST.A,RICC,C5,XXXXX,,,11EST.A,RICC,C5,12EST.A,RICC,C5
,,,,,,,,,XXXXX,,,,,,10:15 - 11:35,,
,R2  (11:30 - 11:45),,,,,,,,,,,,,,,,
,3  (11:45 - 13:00),,,,,12EST.A,RICC,C5,9NSC.C,PARN,C5,12EST.A,RICC,C5,8TMHE.6,DONO,C5
,,,,,,,,,10:55 - 12:10,,,,,,11:50 - 13:05,,
,L1  (13:00 - 13:20),,,,,,,,,,,,,,,,
,L2  (13:20 - 13:35),,,,,,,,,,,,,,,,
,4  (13:35 - 14:50),,10DAT.A,TURN,C5,12DAT.A,DONO,C5,,,,12DAT.A,TURN,C5,9NST.1,DONO,C5
,5  (14:50 - 15:10),,,,,,,,,,,,,,,,


,C6,,,,,,,,,,,,,,,,
,,,,Mon,,,Tue,,,Wed,,,Thu,,,Fri,
,0  (8:00 - 8:25),,,,,,,,,,,,,,,,
,HG  (8:25 - 8:35),,P3.1,BRUI,C6,P3.1,BRUI,C6,P3.1,BRUI,C6,P3.1,BRUI,C6,P3.1,BRUI,C6
,,,,,,,,,9:00 - 9:10,,,,,,,,
,1  (8:35 - 9:55),,,,,8TMHE.6,DONO,C6,,,,,,,,,
,R1  (9:55 - 10:10),,,,,,,,,,,,,,,,
,2  (10:10 - 11:30),,11VETCON.A,PARN,C6,,,,XXXXX,,,,,,12INT.A,BRUI,C6
,,,,,,,,,XXXXX,,,,,,10:15 - 11:35,,
,R2  (11:30 - 11:45),,,,,,,,,,,,,,,,
,3  (11:45 - 13:00),,,,,11INT.A,PARN,C6,9NTE.S,BRUI,C6,,,,,,
,,,,,,,,,10:55 - 12:10,,,,,,,,
,L1  (13:00 - 13:20),,,,,,,,,,,,,,,,
,L2  (13:20 - 13:35),,,,,,,,,,,,,,,,
,4  (13:35 - 14:50),,,,,,,,,,,7TMHE.1,ZIAM,C6,9NTE.S,BRUI,C6
,5  (14:50 - 15:10),,,,,,,,,,,,,,,,


,D1,,,,,,,,,,,,,,,,
,,,,Mon,,,Tue,,,Wed,,,Thu,,,Fri,
,0  (8:00 - 8:25),,,,,,,,,,,,,,,,
,HG  (8:25 - 8:35),,G1.1,PYOU,D1,G1.1,PYOU,D1,G1.1,PYOU,D1,G1.1,PYOU,D1,G1.1,PYOU,D1
,,,,,,,,,9:00 - 9:10,,,,,,,,
,1  (8:35 - 9:55),,10HSIE.D,,,10HSIE.D,,,8HIS.C,PYOU,D1,12MHI.B,PYOU,D1,11MHI.B,HARZ,D1
,,,10HIS.D,PYOU,D1,10HIS.D,PYOU,D1,9:10 - 10:25,,,,,,,,
,R1  (9:55 - 10:10),,,,,,,,,,,,,,,,
,2  (10:10 - 11:30),,9HSIE.D,,,8HIS.Y,HARZ,D1,XXXXX,,,,,,12MHI.A,PYOU,D1
,,,9HIS.D,PYOU,D1,,,,XXXXX,,,,,,10:15 - 11:35,,
,R2  (11:30 - 11:45),,,,,,,,,,,,,,,,
,3  (11:45 - 13:00),,11MHI.A,HARZ,D1,12MHI.A,PYOU,D1,7NLIT.E,PYOU,D1,12MHI.A,PYOU,D1,10HSIE.D,,
,,,,,,,,,10:55 - 12:10,,,,,,10HIS.D,PYOU,D1
,,,,,,,,,,,,,,,11:50 - 13:05,,
,L1  (13:00 - 13:20),,,,,,,,,,,,,,,,
,L2  (13:20 - 13:35),,,,,,,,,,,,,,,,
,4  (13:35 - 14:50),,12MHI.B,PYOU,D1,11MHI.B,HARZ,D1,,,,8HIS.C,PYOU,D1,12MHI.B,PYOU,D1
,5  (14:50 - 15:10),,,,,,,,,,,,,,,,


,D11,,,,,,,,,,,,,,,,
,,,,Mon,,,Tue,,,Wed,,,Thu,,,Fri,
,0  (8:00 - 8:25),,,,,,,,,,,,,,,,
,HG  (8:25 - 8:35),,M1.1,SIMM,D11,M1.1,SIMM,D11,M1.1,SIMM,D11,M1.1,SIMM,D11,M1.1,SIMM,D11
,,,,,,,,,9:00 - 9:10,,,,,,,,
,1  (8:35 - 9:55),,10HSIE.C,,,10HSIE.C,,,12LST.A,SIMM,D11,8ENG.Y,EVAN,D11,8GEO.T,FORD,D11
,,,10GEO.C,SIMM,D11,10GEO.C,SIMM,D11,9:10 - 10:25,,,,,,,,
,R1  (9:55 - 10:10),,,,,,,,,,,,,,,,
,2  (10:10 - 11:30),,9HSIE.A,,,8GEO.T,SIMM,D11,XXXXX,,,9COM.B,SIMM,D11,11ECO.B,SIMM,D11
,,,9GEO.A,SIMM,D11,,,,XXXXX,,,,,,10:15 - 11:35,,
,R2  (11:30 - 11:45),,,,,,,,,,,,,,,,
,3  (11:45 - 13:00),,11ECO.B,SIMM,D11,11ECO.B,SIMM,D11,,,,9HSIE.A,,,10HSIE.C,,
,,,,,,,,,,,,9GEO.A,SIMM,D11,10GEO.C,SIMM,D11
,,,,,,,,,,,,,,,11:50 - 13:05,,
,L1  (13:00 - 13:20),,,,,,,,,,,,,,,,
,L2  (13:20 - 13:35),,,,,,,,,,,,,,,,
,4  (13:35 - 14:50),,11BST.A,FORD,D11,12LST.A,SIMM,D11,,,,12LST.A,SIMM,D11,,,
,5  (14:50 - 15:10),,,,,,,,,,,,,,,,


,D12,,,,,,,,,,,,,,,,
,,,,Mon,,,Tue,,,Wed,,,Thu,,,Fri,
,0  (8:00 - 8:25),,,,,,,,,,,,,,,,
,HG  (8:25 - 8:35),,G3.1,STEV,D12,G3.1,STEV,D12,G3.1,STEV,D12,G3.1,STEV,D12,G3.1,STEV,D12
,,,,,,,,,9:00 - 9:10,,,,,,,,
,1  (8:35 - 9:55),,10HSIE.A,,,10HSIE.A,,,8GEO.P,STEV,D12,7GEO.E,HARZ,D12,,,
,,,10GEO.A,STEV,D12,10GEO.A,STEV,D12,9:10 - 10:25,,,,,,,,
,R1  (9:55 - 10:10),,,,,,,,,,,,,,,,
,2  (10:10 - 11:30),,9HSIE.C,,,8GEO.P,STEV,D12,XXXXX,,,7GEO.R,STEV,D12,11MHI.A,HARZ,D12
,,,9GEO.C,STEV,D12,,,,XXXXX,,,,,,10:15 - 11:35,,
,R2  (11:30 - 11:45),,,,,,,,,,,,,,,,
,3  (11:45 - 13:00),,7GEO.T,STEV,D12,11MHI.A,HARZ,D12,11BST.B,STEV,D12,9HSIE.C,,,10HSIE.A,,
,,,,,,,,,10:55 - 12:10,,,9GEO.C,STEV,D12,10GEO.A,STEV,D12
,,,,,,,,,,,,,,,11:50 - 13:05,,
,L1  (13:00 - 13:20),,,,,,,,,,,,,,,,
,L2  (13:20 - 13:35),,,,,,,,,,,,,,,,
,4  (13:35 - 14:50),,11BST.B,STEV,D12,7GEO.R,STEV,D12,,,,11BST.B,STEV,D12,7GEO.T,HARZ,D12
,5  (14:50 - 15:10),,,,,,,,,,,,,,,,


,D13,,,,,,,,,,,,,,,,
,,,,Mon,,,Tue,,,Wed,,,Thu,,,Fri,
,0  (8:00 - 8:25),,,,,,,,,,,,,,,,
,HG  (8:25 - 8:35),,,,,,,,,,,,,,,,
,1  (8:35 - 9:55),,10HSIE.F,,,10HSIE.B,,,12BST.C,EMIR,D13,12BST.B,EMIR,D13,,,
,,,10HIS.F,MARR,D13,10GEO.B,FORD,D13,9:10 - 10:25,,,,,,,,
,R1  (9:55 - 10:10),,,,,,,,,,,,,,,,
,2  (10:10 - 11:30),,11ECO.A,EMIR,D13,11ECO.A,EMIR,D13,XXXXX,,,11ECO.A,EMIR,D13,9COM.A,EMIR,D13
,,,,,,,,,XXXXX,,,,,,10:15 - 11:35,,
,R2  (11:30 - 11:45),,,,,,,,,,,,,,,,
,3  (11:45 - 13:00),,10PHP.D,WILL,D13,9COM.A,EMIR,D13,,,,9HSIE.E,,,10HSIE.B,,
,,,,,,,,,,,,9HIS.E,MARR,D13,10GEO.B,FORD,D13
,,,,,,,,,,,,,,,11:50 - 13:05,,
,L1  (13:00 - 13:20),,,,,,,,,,,,,,,,
,L2  (13:20 - 13:35),,,,,,,,,,,,,,,,
,4  (13:35 - 14:50),,12BST.B,EMIR,D13,12BST.C,EMIR,D13,,,,12BST.C,EMIR,D13,12BST.B,EMIR,D13
,5  (14:50 - 15:10),,,,,,,,,,,,,,,,


,D14,,,,,,,,,,,,,,,,
,,,,Mon,,,Tue,,,Wed,,,Thu,,,Fri,
,0  (8:00 - 8:25),,,,,,,,,,,,,,,,
,HG  (8:25 - 8:35),,,,,,,,,,,,,,,,
,1  (8:35 - 9:55),,,,,8MUS.8,DCOST,D14,11MUS1.A,ODEA,D14,8MUS.8,DCOST,D14,9MUS.A,LUCK,D14
,,,,,,,,,9:10 - 10:25,,,,,,,,
,R1  (9:55 - 10:10),,,,,,,,,,,,,,,,
,2  (10:10 - 11:30),,7MUS.3,ODEA,D14,7MUS.8,ODEA,D14,XXXXX,,,7MUS.6,DCOST,D14,9MUS.B,ODEA,D14
,,,,,,,,,XXXXX,,,,,,10:15 - 11:35,,
,R2  (11:30 - 11:45),,,,,,,,,,,,,,,,
,3  (11:45 - 13:00),,,,,9MUS.B,ODEA,D14,9NMU.1,ODEA,D14,,,,8MUS.9,LUCK,D14
,,,,,,,,,10:55 - 12:10,,,,,,11:50 - 13:05,,
,L1  (13:00 - 13:20),,,,,,,,,,,,,,,,
,L2  (13:20 - 13:35),,,,,,,,,,,,,,,,
,4  (13:35 - 14:50),,,,,11MUS1.A,ODEA,D14,,,,7MUS.3,ODEA,D14,9NMU.1,ODEA,D14
,5  (14:50 - 15:10),,,,,,,,,,,,,,,,


,D15,,,,,,,,,,,,,,,,
,,,,Mon,,,Tue,,,Wed,,,Thu,,,Fri,
,0  (8:00 - 8:25),,,,,,,,,,,,,,,,
,HG  (8:25 - 8:35),,,,,,,,,,,,,,,,
,1  (8:35 - 9:55),,8MUS.6,LUCK,D15,7MUS.1,LUCK,D15,12MUS1.A,DCOST,D15,,,,7MUS.9,POPO,D15
,,,,,,,,,9:10 - 10:25,,,,,,,,
,R1  (9:55 - 10:10),,,,,,,,,,,,,,,,
,2  (10:10 - 11:30),,8MUS.9,LUCK,D15,7MUS.9,POPO,D15,XXXXX,,,9MUS.A,LUCK,D15,,,
,R2  (11:30 - 11:45),,,,,,,,,,,,,,,,
,3  (11:45 - 13:00),,,,,8MUS.3,DCOST,D15,8MUS.1,POPO,D15,,,,SMU.J,DCOST,D15
,,,,,,,,,10:55 - 12:10,,,,,,11:50 - 13:05,,
,L1  (13:00 - 13:20),,,,,,,,,,,,,,,,
,L2  (13:20 - 13:35),,,,,,,,,,,,,,,,
,4  (13:35 - 14:50),,,,,12MUS1.A,DCOST,D15,,,,12MUS1.A,DCOST,D15,10MUS.A,POPO,D15
,5  (14:50 - 15:10),,,,,,,,,,,,,,,,


,D16,,,,,,,,,,,,,,,,
,,,,Mon,,,Tue,,,Wed,,,Thu,,,Fri,
,0  (8:00 - 8:25),,,,,,,,,,,,,,,,
,HG  (8:25 - 8:35),,G4.1,PEAR,D16,G4.1,PEAR,D16,G4.1,PEAR,D16,G4.1,PEAR,D16,G4.1,PEAR,D16
,,,,,,,,,9:00 - 9:10,,,,,,,,
,1  (8:35 - 9:55),,10HSIE.E,,,10HSIE.E,,,10COM.A,FORD,D16,7HIS.C,PEAR,D16,8HIS.Y,PEAR,D16
,,,10HIS.E,PEAR,D16,10HIS.E,PEAR,D16,9:10 - 10:25,,,,,,,,
,R1  (9:55 - 10:10),,,,,,,,,,,,,,,,
,2  (10:10 - 11:30),,7HIS.C,PEAR,D16,8GEO.R,FORD,D16,XXXXX,,,7HIS.S,PEAR,D16,12LST.B,PEAR,D16
,,,,,,,,,XXXXX,,,,,,10:15 - 11:35,,
,R2  (11:30 - 11:45),,,,,,,,,,,,,,,,
,3  (11:45 - 13:00),,8NDM.C,POPO,D16,12LST.B,PEAR,D16,11LST.A,PEAR,D16,12LST.B,PEAR,D16,10HSIE.E,,
,,,,,,,,,10:55 - 12:10,,,,,,10HIS.E,PEAR,D16
,,,,,,,,,,,,,,,11:50 - 13:05,,
,L1  (13:00 - 13:20),,,,,,,,,,,,,,,,
,L2  (13:20 - 13:35),,,,,,,,,,,,,,,,
,4  (13:35 - 14:50),,11LST.A,PEAR,D16,7HIS.S,PEAR,D16,,,,11LST.A,PEAR,D16,10COM.A,FORD,D16
,5  (14:50 - 15:10),,,,,,,,,,,,,,,,


,D17,,,,,,,,,,,,,,,,
,,,,Mon,,,Tue,,,Wed,,,Thu,,,Fri,
,0  (8:00 - 8:25),,,,,,,,,,,,,,,,
,HG  (8:25 - 8:35),,,,,,,,,,,,,,,,
,1  (8:35 - 9:55),,10HSIE.B,,,10HSIE.F,,,11MHI.B,HARZ,D17,12BST.A,MATA,D17,9COM.B,PANA,D17
,,,10GEO.B,FORD,D17,10HIS.F,MARR,D17,9:10 - 10:25,,,,,,,,
,R1  (9:55 - 10:10),,,,,,,,,,,,,,,,
,2  (10:10 - 11:30),,11BST.C,MATA,D17,11BST.C,MATA,D17,XXXXX,,,11BST.C,MATA,D17,8GEO.R,FORD,D17
,,,,,,,,,XXXXX,,,,,,10:15 - 11:35,,
,R2  (11:30 - 11:45),,,,,,,,,,,,,,,,
,3  (11:45 - 13:00),,8NMA.T,TRNL,D17,,,,11BST.A,FORD,D17,9HSIE.B,,,10HSIE.F,,
,,,,,,,,,10:55 - 12:10,,,9GEO.B,FORD,D17,10HIS.F,MARR,D17
,,,,,,,,,,,,,,,11:50 - 13:05,,
,L1  (13:00 - 13:20),,,,,,,,,,,,,,,,
,L2  (13:20 - 13:35),,,,,,,,,,,,,,,,
,4  (13:35 - 14:50),,12BST.A,MATA,D17,11ISC.A,NEWE,D17,,,,11BST.A,FORD,D17,12BST.A,MATA,D17
,5  (14:50 - 15:10),,,,,,,,,,,,,,,,


,D2,,,,,,,,,,,,,,,,
,,,,Mon,,,Tue,,,Wed,,,Thu,,,Fri,
,0  (8:00 - 8:25),,,,,,,,,,,,,,,,
,HG  (8:25 - 8:35),,P2.1,RICC,D2,P2.1,RICC,D2,P2.1,RICC,D2,P2.1,RICC,D2,P2.1,RICC,D2
,,,,,,,,,9:00 - 9:10,,,,,,,,
,1  (8:35 - 9:55),,12AHI.A,WALK,D2,12AHI.A,WALK,D2,11AHI.A,WALK,D2,9PHP.B,DOLZ,D2,11AHI.A,WALK,D2
,,,,,,,,,9:10 - 10:25,,,,,,,,
,R1  (9:55 - 10:10),,,,,,,,,,,,,,,,
,2  (10:10 - 11:30),,9HSIE.F,,,8HIS.S,WALK,D2,XXXXX,,,,,,8HIS.S,WALK,D2
,,,9HIS.F,WALK,D2,,,,XXXXX,,,,,,10:15 - 11:35,,
,R2  (11:30 - 11:45),,,,,,,,,,,,,,,,
,3  (11:45 - 13:00),,7HIS.Y,WALK,D2,,,,,,,9HSIE.F,,,12AHI.A,WALK,D2
,,,,,,,,,,,,9HIS.F,CHAM,D2,11:50 - 13:05,,
,L1  (13:00 - 13:20),,,,,,,,,,,,,,,,
,L2  (13:20 - 13:35),,,,,,,,,,,,,,,,
,4  (13:35 - 14:50),,7PHP.E,TRUE,D2,11AHI.A,WALK,D2,,,,8GEO.E,CHAM,D2,7HIS.Y,WALK,D2
,5  (14:50 - 15:10),,,,,,,,,,,,,,,,


,D3,,,,,,,,,,,,,,,,
,,,,Mon,,,Tue,,,Wed,,,Thu,,,Fri,
,0  (8:00 - 8:25),,,,,,,,,,,,,,,,
,HG  (8:25 - 8:35),,G5.1,ZUBE,D3,G5.1,ZUBE,D3,G5.1,ZUBE,D3,G5.1,ZUBE,D3,G5.1,ZUBE,D3
,,,,,,,,,9:00 - 9:10,,,,,,,,
,1  (8:35 - 9:55),,8VAT.7,ZUBE,D3,8VAT.7,ZUBE,D3,7VAT.2,ZUBE,D3,12VAT.A,ZUBE,D3,7VAT.7,ZUBE,D3
,,,,,,,,,9:10 - 10:25,,,,,,,,
,R1  (9:55 - 10:10),,,,,,,,,,,,,,,,
,2  (10:10 - 11:30),,7VAT.2,ZUBE,D3,7VAT.7,ZUBE,D3,XXXXX,,,,,,9VAT.A,ZUBE,D3
,,,,,,,,,XXXXX,,,,,,10:15 - 11:35,,
,R2  (11:30 - 11:45),,,,,,,,,,,,,,,,
,3  (11:45 - 13:00),,,,,9VAT.A,ZUBE,D3,8VAT.2,ZUBE,D3,,,,,,
,,,,,,,,,10:55 - 12:10,,,,,,,,
,L1  (13:00 - 13:20),,,,,,,,,,,,,,,,
,L2  (13:20 - 13:35),,,,,,,,,,,,,,,,
,4  (13:35 - 14:50),,12VAT.A,ZUBE,D3,8VAT.2,ZUBE,D3,,,,7VAT.4,ZUBE,D3,12VAT.A,ZUBE,D3
,5  (14:50 - 15:10),,,,,,,,,,,,,,,,


,D4,,,,,,,,,,,,,,,,
,,,,Mon,,,Tue,,,Wed,,,Thu,,,Fri,
,0  (8:00 - 8:25),,,,,,,,,,,,,,,,
,HG  (8:25 - 8:35),,,,,,,,,,,,,,,,
,1  (8:35 - 9:55),,,,,,,,,,,,,,11MUS1.A,ODEA,D4
,R1  (9:55 - 10:10),,,,,,,,,,,,,,,,
,2  (10:10 - 11:30),,,,,,,,XXXXX,,,,,,,,
,R2  (11:30 - 11:45),,,,,,,,,,,,,,,,
,3  (11:45 - 13:00),,,,,,,,9NMM.1,LUCK,D4,,,,,,
,,,,,,,,,10:55 - 12:10,,,,,,,,
,L1  (13:00 - 13:20),,,,,,,,,,,,,,,,
,L2  (13:20 - 13:35),,,,,,,,,,,,,,,,
,4  (13:35 - 14:50),,,,,,,,,,,,,,9NMM.1,LUCK,D4
,5  (14:50 - 15:10),,,,,,,,,,,,,,,,


,DRA,,,,,,,,,,,,,,,,
,,,,Mon,,,Tue,,,Wed,,,Thu,,,Fri,
,0  (8:00 - 8:25),,,,,,,,,,,,,,,,
,HG  (8:25 - 8:35),,P1.1,MARR,DRA,P1.1,MARR,DRA,P1.1,MARR,DRA,P1.1,MARR,DRA,P1.1,MARR,DRA
,,,,,,,,,9:00 - 9:10,,,,,,,,
,1  (8:35 - 9:55),,,,,,,,7MUS.1,LUCK,DRA,10DRA.A,MARR,DRA,9DRA.A,MARR,DRA
,,,,,,,,,9:10 - 10:25,,,,,,,,
,R1  (9:55 - 10:10),,,,,,,,,,,,,,,,
,2  (10:10 - 11:30),,,,,8MUS.6,LUCK,DRA,XXXXX,,,9DRA.A,MARR,DRA,8NDR.P,MARR,DRA
,,,,,,,,,XXXXX,,,,,,10:15 - 11:35,,
,R2  (11:30 - 11:45),,,,,,,,,,,,,,,,
,3  (11:45 - 13:00),,8NDR.P,MARR,DRA,,,,9NDR.1,MARR,DRA,,,,,,
,,,,,,,,,10:55 - 12:10,,,,,,,,
,L1  (13:00 - 13:20),,,,,,,,,,,,,,,,
,L2  (13:20 - 13:35),,,,,,,,,,,,,,,,
,4  (13:35 - 14:50),,10DRA.A,MARR,DRA,,,,,,,,,,9NDR.1,MARR,DRA
,5  (14:50 - 15:10),,,,,,,,,,,,,,,,


,E1,,,,,,,,,,,,,,,,
,,,,Mon,,,Tue,,,Wed,,,Thu,,,Fri,
,0  (8:00 - 8:25),,,,,,,,,,,,,,,,
,HG  (8:25 - 8:35),,B1.1,ROY,E1,B1.1,ROY,E1,B1.1,BART,E1,B1.1,ROY,E1,B1.1,ROY,E1
,,,,,,,,,9:00 - 9:10,,,,,,,,
,1  (8:35 - 9:55),,8JAP.R,ROY,E1,8JAP.Y,ROY,E1,8ENG.S,THET,E1,10JAP.A,ROY,E1,8JAP.S,ROY,E1
,,,,,,,,,9:10 - 10:25,,,,,,,,
,R1  (9:55 - 10:10),,,,,,,,,,,,,,,,
,2  (10:10 - 11:30),,12ELD.A,KRIZ,E1,12ELD.A,KRIZ,E1,XXXXX,,,12ELD.A,KRIZ,E1,9JAP.A,ROY,E1
,,,,,,,,,XXXXX,,,,,,10:15 - 11:35,,
,R2  (11:30 - 11:45),,,,,,,,,,,,,,,,
,3  (11:45 - 13:00),,8JAP.S,ROY,E1,9JAP.A,ROY,E1,7NNUM.S,TRAN,E1,9HSIE.D,,,8JAP.Y,ROY,E1
,,,,,,,,,10:55 - 12:10,,,9HIS.D,HARZ,E1,11:50 - 13:05,,
,L1  (13:00 - 13:20),,,,,,,,,,,,,,,,
,L2  (13:20 - 13:35),,,,,,,,,,,,,,,,
,4  (13:35 - 14:50),,10JAP.A,ROY,E1,7NNUM.C,TRNL,E1,,,,8JAP.R,ROY,E1,7ENG.P,VASI,E1
,5  (14:50 - 15:10),,,,,,,,,,,,,,,,


,E11,,,,,,,,,,,,,,,,
,,,,Mon,,,Tue,,,Wed,,,Thu,,,Fri,
,0  (8:00 - 8:25),,,,,,,,,,,,,,,,
,HG  (8:25 - 8:35),,P8.1,ARAM,E11,P8.1,ARAM,E11,P8.1,ARAM,E11,P8.1,ARAM,E11,P8.1,ARAM,E11
,,,,,,,,,9:00 - 9:10,,,,,,,,
,1  (8:35 - 9:55),,11ENS.A,ARAM,E11,,,,8ENG.T,ARAM,E11,7ENG.R,ARAM,E11,7ENG.Y,ARAM,E11
,,,,,,,,,9:10 - 10:25,,,,,,,,
,R1  (9:55 - 10:10),,,,,,,,,,,,,,,,
,2  (10:10 - 11:30),,12ENS.B,ARAM,E11,12ENS.B,ARAM,E11,XXXXX,,,12ENS.B,ARAM,E11,10SCI.B,NEWE,E11
,,,,,,,,,XXXXX,,,,,,10:15 - 11:35,,
,R2  (11:30 - 11:45),,,,,,,,,,,,,,,,
,3  (11:45 - 13:00),,11CHM.B,SCAK,E11,8ENG.T,ARAM,E11,7ENG.Y,ARAM,E11,11ENS.A,ARAM,E11,9ENG.F,MILL,E11
,,,,,,,,,10:55 - 12:10,,,,,,11:50 - 13:05,,
,L1  (13:00 - 13:20),,,,,,,,,,,,,,,,
,L2  (13:20 - 13:35),,,,,,,,,,,,,,,,
,4  (13:35 - 14:50),,7ENG.Y,ARAM,E11,7NLIT.Y,ARAM,E11,,,,10PHP.E,SCAR,E11,11ENS.A,ARAM,E11
,5  (14:50 - 15:10),,,,,,,,,,,,,,,,


,E12,,,,,,,,,,,,,,,,
,,,,Mon,,,Tue,,,Wed,,,Thu,,,Fri,
,0  (8:00 - 8:25),,,,,,,,,,,,,,,,
,HG  (8:25 - 8:35),,B4.1,HARZ,E12,B4.1,HARZ,E12,B4.1,HARZ,E12,B4.1,HARZ,E12,B4.1,HARZ,E12
,,,,,,,,,9:00 - 9:10,,,,,,,,
,1  (8:35 - 9:55),,11ENS.D,BADM,E12,7ENG.E,TALE,E12,9ENG.D,BADM,E12,8ENG.E,BADM,E12,10ENG.E,BADM,E12
,,,,,,,,,9:10 - 10:25,,,,,,,,
,R1  (9:55 - 10:10),,,,,,,,,,,,,,,,
,2  (10:10 - 11:30),,12ENA.B,BADM,E12,12ENA.B,BADM,E12,XXXXX,,,12ENA.B,BADM,E12,8NMA.T,TRNL,E12
,,,,,,,,,XXXXX,,,,,,10:15 - 11:35,,
,R2  (11:30 - 11:45),,,,,,,,,,,,,,,,
,3  (11:45 - 13:00),,7ENG.E,TALE,E12,10ENG.E,BADM,E12,10ENG.E,BADM,E12,11ENS.D,BADM,E12,9ENG.D,BADM,E12
,,,,,,,,,10:55 - 12:10,,,,,,11:50 - 13:05,,
,L1  (13:00 - 13:20),,,,,,,,,,,,,,,,
,L2  (13:20 - 13:35),,,,,,,,,,,,,,,,
,4  (13:35 - 14:50),,9ENG.D,BADM,E12,8ENG.E,BADM,E12,,,,7ENG.E,TALE,E12,11ENS.D,BADM,E12
,5  (14:50 - 15:10),,,,,,,,,,,,,,,,


,E13,,,,,,,,,,,,,,,,
,,,,Mon,,,Tue,,,Wed,,,Thu,,,Fri,
,0  (8:00 - 8:25),,,,,,,,,,,,,,,,
,HG  (8:25 - 8:35),,,,,,,,,,,,,,,,
,1  (8:35 - 9:55),,11ENS.B,SENT,E13,,,,9ENG.F,SENT,E13,7ENG.P,SENT,E13,10ENG.F,VASI,E13
,,,,,,,,,9:10 - 10:25,,,,,,,,
,R1  (9:55 - 10:10),,,,,,,,,,,,,,,,
,2  (10:10 - 11:30),,12ENA.A,SENT,E13,12ENA.A,SENT,E13,XXXXX,,,12ENA.A,SENT,E13,8NDM.C,POPO,E13
,,,,,,,,,XXXXX,,,,,,10:15 - 11:35,,
,R2  (11:30 - 11:45),,,,,,,,,,,,,,,,
,3  (11:45 - 13:00),,7NLIT.C,MILL,E13,10ENG.F,VASI,E13,10ENG.F,VASI,E13,11ENS.B,SENT,E13,9ENG.C,EVAN,E13
,,,,,,,,,10:55 - 12:10,,,,,,11:50 - 13:05,,
,L1  (13:00 - 13:20),,,,,,,,,,,,,,,,
,L2  (13:20 - 13:35),,,,,,,,,,,,,,,,
,4  (13:35 - 14:50),,9ENG.F,SENT,E13,7ENG.P,VASI,E13,,,,8ENG.P,EVAN,E13,11ENS.B,SENT,E13
,5  (14:50 - 15:10),,,,,,,,,,,,,,,,


,E14,,,,,,,,,,,,,,,,
,,,,Mon,,,Tue,,,Wed,,,Thu,,,Fri,
,0  (8:00 - 8:25),,,,,,,,,,,,,,,,
,HG  (8:25 - 8:35),,,,,,,,,,,,,,,,
,1  (8:35 - 9:55),,11ENA.B,DARW,E14,8ENG.R,THET,E14,9ENG.C,EVAN,E14,9LIT.3,THET,E14,10ENG.C,THET,E14
,,,,,,,,,9:10 - 10:25,,,,,,,,
,R1  (9:55 - 10:10),,,,,,,,,,,,,,,,
,2  (10:10 - 11:30),,7ENG.T,EVAN,E14,7NLIT.S,MARR,E14,XXXXX,,,12ENB.A,TALE,E14,8NEN.E,THET,E14
,,,,,,,,,XXXXX,,,,,,10:15 - 11:35,,
,R2  (11:30 - 11:45),,,,,,,,,,,,,,,,
,3  (11:45 - 13:00),,8NEN.E,THET,E14,10ENG.C,THET,E14,10ENG.C,THET,E14,11ENA.B,DARW,E14,7ENG.T,VASI,E14
,,,,,,,,,10:55 - 12:10,,,,,,11:50 - 13:05,,
,L1  (13:00 - 13:20),,,,,,,,,,,,,,,,
,L2  (13:20 - 13:35),,,,,,,,,,,,,,,,
,4  (13:35 - 14:50),,9ENG.C,EVAN,E14,9LIT.4,EVAN,E14,,,,7GEO.P,HARZ,E14,11ENA.B,DARW,E14
,5  (14:50 - 15:10),,,,,,,,,,,,,,,,


,E15,,,,,,,,,,,,,,,,
,,,,Mon,,,Tue,,,Wed,,,Thu,,,Fri,
,0  (8:00 - 8:25),,,,,,,,,,,,,,,,
,HG  (8:25 - 8:35),,M10.1,TALE,E15,M10.1,TALE,E15,M10.1,TALE,E15,M10.1,TALE,E15,M10.1,TALE,E15
,,,,,,,,,9:00 - 9:10,,,,,,,,
,1  (8:35 - 9:55),,11ENA.C,MILL,E15,12ECO.A,PANA,E15,9ENG.B,TALE,E15,9LIT.4,MILL,E15,10ENG.B,MILL,E15
,,,,,,,,,9:10 - 10:25,,,,,,,,
,R1  (9:55 - 10:10),,,,,,,,,,,,,,,,
,2  (10:10 - 11:30),,12ENS.C,MILL,E15,12ENS.C,MILL,E15,XXXXX,,,12ENS.C,MILL,E15,,,
,R2  (11:30 - 11:45),,,,,,,,,,,,,,,,
,3  (11:45 - 13:00),,,,,10ENG.B,MILL,E15,10ENG.B,MILL,E15,11ENA.C,MILL,E15,9ENG.B,TALE,E15
,,,,,,,,,10:55 - 12:10,,,,,,11:50 - 13:05,,
,L1  (13:00 - 13:20),,,,,,,,,,,,,,,,
,L2  (13:20 - 13:35),,,,,,,,,,,,,,,,
,4  (13:35 - 14:50),,9ENG.B,TALE,E15,9LIT.3,THET,E15,,,,,,,11ENA.C,MILL,E15
,5  (14:50 - 15:10),,,,,,,,,,,,,,,,


,E16,,,,,,,,,,,,,,,,
,,,,Mon,,,Tue,,,Wed,,,Thu,,,Fri,
,0  (8:00 - 8:25),,,,,,,,,,,,,,,,
,HG  (8:25 - 8:35),,G7.1,AHMA,E16,G7.1,AHMA,E16,G7.1,AHMA,E16,G7.1,AHMA,E16,G7.1,AHMA,E16
,,,,,,,,,9:00 - 9:10,,,,,,,,
,1  (8:35 - 9:55),,11ENS.C,TALE,E16,7GEO.P,HARZ,E16,7ENG.C,AHMA,E16,9LIT.2,AHMA,E16,10ENG.A,AHMA,E16
,,,,,,,,,9:10 - 10:25,,,,,,,,
,R1  (9:55 - 10:10),,,,,,,,,,,,,,,,
,2  (10:10 - 11:30),,8ENG.S,THET,E16,7ENG.R,AHMA,E16,XXXXX,,,,,,8PHP.Y,TRUE,E16
,,,,,,,,,XXXXX,,,,,,10:15 - 11:35,,
,R2  (11:30 - 11:45),,,,,,,,,,,,,,,,
,3  (11:45 - 13:00),,7ENG.R,AHMA,E16,10ENG.A,AHMA,E16,10ENG.A,AHMA,E16,11ENS.C,TALE,E16,9ENG.E,AHMA,E16
,,,,,,,,,10:55 - 12:10,,,,,,11:50 - 13:05,,
,L1  (13:00 - 13:20),,,,,,,,,,,,,,,,
,L2  (13:20 - 13:35),,,,,,,,,,,,,,,,
,4  (13:35 - 14:50),,7ENG.C,AHMA,E16,9LIT.2,AHMA,E16,,,,7ENG.C,AHMA,E16,11ENS.C,TALE,E16
,5  (14:50 - 15:10),,,,,,,,,,,,,,,,


,E17,,,,,,,,,,,,,,,,
,,,,Mon,,,Tue,,,Wed,,,Thu,,,Fri,
,0  (8:00 - 8:25),,,,,,,,,,,,,,,,
,HG  (8:25 - 8:35),,P10.1,DOLZ,E17,P10.1,DOLZ,E17,P10.1,DOLZ,E17,P10.1,DOLZ,E17,P10.1,DOLZ,E17
,,,,,,,,,9:00 - 9:10,,,,,,,,
,1  (8:35 - 9:55),,11ENA.A,DOLZ,E17,8PHP.S,LEON,E17,9ENG.E,DOLZ,E17,7ENG.T,VASI,E17,10ENG.D,DOLZ,E17
,,,,,,,,,9:10 - 10:25,,,,,,,,
,R1  (9:55 - 10:10),,,,,,,,,,,,,,,,
,2  (10:10 - 11:30),,12ENS.D,DOLZ,E17,12ENS.D,DOLZ,E17,XXXXX,,,12ENS.D,DOLZ,E17,,,
,R2  (11:30 - 11:45),,,,,,,,,,,,,,,,
,3  (11:45 - 13:00),,10PHP.F,DOLZ,E17,10ENG.D,DOLZ,E17,10ENG.D,DOLZ,E17,11ENA.A,DOLZ,E17,8ENG.R,THET,E17
,,,,,,,,,10:55 - 12:10,,,,,,11:50 - 13:05,,
,L1  (13:00 - 13:20),,,,,,,,,,,,,,,,
,L2  (13:20 - 13:35),,,,,,,,,,,,,,,,
,4  (13:35 - 14:50),,9ENG.E,DOLZ,E17,12BIO.A,LAMS,E17,,,,10PHP.F,BART,E17,11ENA.A,DOLZ,E17
,5  (14:50 - 15:10),,,,,,,,,,,,,,,,


,E18,,,,,,,,,,,,,,,,
,,,,Mon,,,Tue,,,Wed,,,Thu,,,Fri,
,0  (8:00 - 8:25),,,,,,,,,,,,,,,,
,HG  (8:25 - 8:35),,B10.1,EVAN,E18,B10.1,EVAN,E18,B10.1,EVAN,E18,B10.1,EVAN,E18,B10.1,EVAN,E18
,,,,,,,,,9:00 - 9:10,,,,,,,,
,1  (8:35 - 9:55),,11ENB.A,GBRO,E18,,,,9ENG.A,GBRO,E18,9LIT.1,GBRO,E18,8ENG.C,TALE,E18
,,,,,,,,,9:10 - 10:25,,,,,,,,
,R1  (9:55 - 10:10),,,,,,,,,,,,,,,,
,2  (10:10 - 11:30),,12ENS.A,GBRO,E18,12ENS.A,GBRO,E18,XXXXX,,,12ENS.A,GBRO,E18,,,
,R2  (11:30 - 11:45),,,,,,,,,,,,,,,,
,3  (11:45 - 13:00),,8ENG.Y,EVAN,E18,8ENG.P,EVAN,E18,8ENG.C,TALE,E18,11ENB.A,GBRO,E18,9ENG.A,GBRO,E18
,,,,,,,,,10:55 - 12:10,,,,,,11:50 - 13:05,,
,L1  (13:00 - 13:20),,,,,,,,,,,,,,,,
,L2  (13:20 - 13:35),,,,,,,,,,,,,,,,
,4  (13:35 - 14:50),,9ENG.A,GBRO,E18,9LIT.1,GBRO,E18,,,,,,,11ENB.A,GBRO,E18
,5  (14:50 - 15:10),,,,,,,,,,,,,,,,


,E2,,,,,,,,,,,,,,,,
,,,,Mon,,,Tue,,,Wed,,,Thu,,,Fri,
,0  (8:00 - 8:25),,,,,,,,,,,,,,,,
,HG  (8:25 - 8:35),,,,,,,,,,,,,,,,
,1  (8:35 - 9:55),,8SCI.S,BOZI,E2,9SCI.C,BOZI,E2,12ISC.A,LINA,E2,8SCI.S,BOZI,E2,11PHY.A,BOZI,E2
,,,,,,,,,9:10 - 10:25,,,,,,,,
,R1  (9:55 - 10:10),,,,,,,,,,,,,,,,
,2  (10:10 - 11:30),,8SCI.C,LINA,E2,10SCI.E,BOZI,E2,XXXXX,,,10SCI.E,BOZI,E2,10SCI.E,BOZI,E2
,,,,,,,,,XXXXX,,,,,,10:15 - 11:35,,
,R2  (11:30 - 11:45),,,,,,,,,,,,,,,,
,3  (11:45 - 13:00),,9SCI.C,BOZI,E2,8SCI.C,LINA,E2,9NST.1,LAMS,E2,8PHP.T,TRUE,E2,8SCI.S,BOZI,E2
,,,,,,,,,10:55 - 12:10,,,,,,11:50 - 13:05,,
,L1  (13:00 - 13:20),,,,,,,,,,,,,,,,
,L2  (13:20 - 13:35),,,,,,,,,,,,,,,,
,4  (13:35 - 14:50),,7SCI.T,KAUR,E2,11PHY.A,BOZI,E2,,,,12ISC.A,LINA,E2,9NSC.C,BOZI,E2
,5  (14:50 - 15:10),,,,,,,,,,,,,,,,


,E3,,,,,,,,,,,,,,,,
,,,,Mon,,,Tue,,,Wed,,,Thu,,,Fri,
,0  (8:00 - 8:25),,,,,,,,,,,,,,,,
,HG  (8:25 - 8:35),,P4.1,NEWE,E3,P4.1,NEWE,E3,P4.1,NEWE,E3,P4.1,NEWE,E3,P4.1,NEWE,E3
,,,,,,,,,9:00 - 9:10,,,,,,,,
,1  (8:35 - 9:55),,,,,9SCI.D,KAUR,E3,11ISC.A,NEWE,E3,12PHY.A,NEWE,E3,11ISC.A,NEWE,E3
,,,,,,,,,9:10 - 10:25,,,,,,,,
,R1  (9:55 - 10:10),,,,,,,,,,,,,,,,
,2  (10:10 - 11:30),,7SCI.P,NEWE,E3,10SCI.B,NEWE,E3,XXXXX,,,10SCI.B,NEWE,E3,10SCI.F,NAIK,E3
,,,,,,,,,XXXXX,,,,,,10:15 - 11:35,,
,R2  (11:30 - 11:45),,,,,,,,,,,,,,,,
,3  (11:45 - 13:00),,9SCI.D,KAUR,E3,,,,7SCI.P,NEWE,E3,7SCI.T,NEWE,E3,7SCI.P,KAUR,E3
,,,,,,,,,10:55 - 12:10,,,,,,11:50 - 13:05,,
,L1  (13:00 - 13:20),,,,,,,,,,,,,,,,
,L2  (13:20 - 13:35),,,,,,,,,,,,,,,,
,4  (13:35 - 14:50),,12PHY.A,NEWE,E3,7SCI.T,KAUR,E3,,,,8SCI.Y,NEWE,E3,12PHY.A,NEWE,E3
,5  (14:50 - 15:10),,,,,,,,,,,,,,,,


,E4,,,,,,,,,,,,,,,,
,,,,Mon,,,Tue,,,Wed,,,Thu,,,Fri,
,0  (8:00 - 8:25),,,,,,,,,,,,,,,,
,HG  (8:25 - 8:35),,G2.1,PRAS,E4,G2.1,PRAS,E4,G2.1,PRAS,E4,G2.1,PRAS,E4,G2.1,PRAS,E4
,,,,,,,,,9:00 - 9:10,,,,,,,,
,1  (8:35 - 9:55),,9MAT53.A,PRAS,E4,11MAS.B,PRAS,E4,10PAS.A,FARN,E4,11MAS.B,PRAS,E4,12MAS.B,PRAS,E4
,,,,,,,,,9:10 - 10:25,,,,,,,,
,R1  (9:55 - 10:10),,,,,,,,,,,,,,,,
,2  (10:10 - 11:30),,10MAT52.R,PRAS,E4,9MAT53.A,PRAS,E4,XXXXX,,,8MAT.D,TRNL,E4,7MAT.T,PRAS,E4
,,,,,,,,,XXXXX,,,,,,10:15 - 11:35,,
,R2  (11:30 - 11:45),,,,,,,,,,,,,,,,
,3  (11:45 - 13:00),,12MAS.B,PRAS,E4,7MAT.T,PRAS,E4,12MAS.B,PRAS,E4,10MAT52.R,PRAS,E4,11MAS.B,PRAS,E4
,,,,,,,,,10:55 - 12:10,,,,,,11:50 - 13:05,,
,L1  (13:00 - 13:20),,,,,,,,,,,,,,,,
,L2  (13:20 - 13:35),,,,,,,,,,,,,,,,
,4  (13:35 - 14:50),,8MAT.D,TRNL,E4,10MAT52.R,PRAS,E4,,,,9MAT53.A,PRAS,E4,8MAT.D,TRNL,E4
,5  (14:50 - 15:10),,,,,,,,,,,,,,,,


,E5,,,,,,,,,,,,,,,,
,,,,Mon,,,Tue,,,Wed,,,Thu,,,Fri,
,0  (8:00 - 8:25),,,,,,,,,,,,,,,,
,HG  (8:25 - 8:35),,P5.1,DAOU,E5,P5.1,DAOU,E5,P5.1,DAOU,E5,P5.1,DAOU,E5,P5.1,DAOU,E5
,,,,,,,,,9:00 - 9:10,,,,,,,,
,1  (8:35 - 9:55),,9MAT52.S,DAOU,E5,11MAS.D,DAOU,E5,,,,11MAS.D,DAOU,E5,12MAS.D,DAOU,E5
,R1  (9:55 - 10:10),,,,,,,,,,,,,,,,
,2  (10:10 - 11:30),,10MAT52.P,HARR,E5,9MAT52.S,DAOU,E5,XXXXX,,,8MAT.Q,LMIL,E5,7MAT.R,DAOU,E5
,,,,,,,,,XXXXX,,,,,,10:15 - 11:35,,
,R2  (11:30 - 11:45),,,,,,,,,,,,,,,,
,3  (11:45 - 13:00),,12MAS.D,DAOU,E5,7MAT.R,DAOU,E5,12MAS.D,DAOU,E5,10MAT52.P,HARR,E5,11MAS.D,DAOU,E5
,,,,,,,,,10:55 - 12:10,,,,,,11:50 - 13:05,,
,L1  (13:00 - 13:20),,,,,,,,,,,,,,,,
,L2  (13:20 - 13:35),,,,,,,,,,,,,,,,
,4  (13:35 - 14:50),,8MAT.Q,LMIL,E5,10MAT52.P,HARR,E5,,,,9MAT52.S,DAOU,E5,8MAT.Q,LMIL,E5
,5  (14:50 - 15:10),,,,,,,,,,,,,,,,


,E6,,,,,,,,,,,,,,,,
,,,,Mon,,,Tue,,,Wed,,,Thu,,,Fri,
,0  (8:00 - 8:25),,,,,,,,,,,,,,,,
,HG  (8:25 - 8:35),,,,,,,,,,,,,,,,
,1  (8:35 - 9:55),,9MAT52.I,DRAK,E6,11MAS.C,TRNL,E6,7NNUM.P,DRAK,E6,11MAS.C,TRNL,E6,12MAS.C,DRAK,E6
,,,,,,,,,9:10 - 10:25,,,,,,,,
,R1  (9:55 - 10:10),,,,,,,,,,,,,,,,
,2  (10:10 - 11:30),,10MAT53.B,DRAK,E6,9MAT52.I,DRAK,E6,XXXXX,,,8MAT.A,DRAK,E6,7MAT.C,LMIL,E6
,,,,,,,,,XXXXX,,,,,,10:15 - 11:35,,
,R2  (11:30 - 11:45),,,,,,,,,,,,,,,,
,3  (11:45 - 13:00),,12MAS.C,DRAK,E6,7MAT.C,LMIL,E6,12MAS.C,DRAK,E6,10MAT53.B,DRAK,E6,11MAS.C,TRNL,E6
,,,,,,,,,10:55 - 12:10,,,,,,11:50 - 13:05,,
,L1  (13:00 - 13:20),,,,,,,,,,,,,,,,
,L2  (13:20 - 13:35),,,,,,,,,,,,,,,,
,4  (13:35 - 14:50),,8MAT.A,DRAK,E6,10MAT53.B,DRAK,E6,,,,9MAT52.I,DRAK,E6,8MAT.A,DRAK,E6
,5  (14:50 - 15:10),,,,,,,,,,,,,,,,


,E7,,,,,,,,,,,,,,,,
,,,,Mon,,,Tue,,,Wed,,,Thu,,,Fri,
,0  (8:00 - 8:25),,11MAX.A,JOB,E7,11MAX.A,JOB,E7,,,,11MAX.A,JOB,E7,,,
,HG  (8:25 - 8:35),,B2.1,JOB,E7,B2.1,JOB,E7,B2.1,JOB,E7,B2.1,JOB,E7,B2.1,JOB,E7
,,,,,,,,,9:00 - 9:10,,,,,,,,
,1  (8:35 - 9:55),,,,,11MAT.B,JOB,E7,8GEO.E,CHAM,E7,11MAT.B,JOB,E7,12MAT.B,JOB,E7
,,,,,,,,,9:10 - 10:25,,,,,,,,
,R1  (9:55 - 10:10),,,,,,,,,,,,,,,,
,2  (10:10 - 11:30),,9HSIE.B,,,,,,XXXXX,,,8MAT.E,JOB,E7,7MAT.Y,JOB,E7
,,,9GEO.B,FORD,E7,,,,XXXXX,,,,,,10:15 - 11:35,,
,R2  (11:30 - 11:45),,,,,,,,,,,,,,,,
,3  (11:45 - 13:00),,12MAT.B,JOB,E7,7MAT.Y,JOB,E7,12MAT.B,JOB,E7,7NNUM.Y,DAOU,E7,11MAT.B,JOB,E7
,,,,,,,,,10:55 - 12:10,,,,,,11:50 - 13:05,,
,L1  (13:00 - 13:20),,,,,,,,,,,,,,,,
,L2  (13:20 - 13:35),,,,,,,,,,,,,,,,
,4  (13:35 - 14:50),,8MAT.E,JOB,E7,9PHP.D,COOK,E7,,,,7NLIT.T,LUCK,E7,8MAT.E,JOB,E7
,5  (14:50 - 15:10),,,,,,,,,,,,,,,,


,G1,,,,,,,,,,,,,,,,
,,,,Mon,,,Tue,,,Wed,,,Thu,,,Fri,
,0  (8:00 - 8:25),,,,,,,,,,,,,,,,
,HG  (8:25 - 8:35),,M3.1,NAIK,G1,M3.1,NAIK,G1,M3.1,NAIK,G1,M3.1,NAIK,G1,M3.1,NAIK,G1
,,,,,,,,,9:00 - 9:10,,,,,,,,
,1  (8:35 - 9:55),,7SCI.Y,NAIK,G1,9SCI.A,LAMS,G1,12BIO.B,NAIK,G1,7SCI.Y,NAIK,G1,8SCI.P,NAIK,G1
,,,,,,,,,9:10 - 10:25,,,,,,,,
,R1  (9:55 - 10:10),,,,,,,,,,,,,,,,
,2  (10:10 - 11:30),,11BIO.B,NAIK,G1,11BIO.B,NAIK,G1,XXXXX,,,10SCI.A,LINA,G1,10SCI.A,LINA,G1
,,,,,,,,,XXXXX,,,,,,10:15 - 11:35,,
,R2  (11:30 - 11:45),,,,,,,,,,,,,,,,
,3  (11:45 - 13:00),,9SCI.B,NAIK,G1,8SCI.E,KAUR,G1,8SCI.P,NAIK,G1,8SCI.E,BOZI,G1,7SCI.Y,NAIK,G1
,,,,,,,,,10:55 - 12:10,,,,,,11:50 - 13:05,,
,L1  (13:00 - 13:20),,,,,,,,,,,,,,,,
,L2  (13:20 - 13:35),,,,,,,,,,,,,,,,
,4  (13:35 - 14:50),,,,,12BIO.B,NAIK,G1,,,,12BIO.B,NAIK,G1,7PHP.S,COOK,G1
,5  (14:50 - 15:10),,,,,,,,,,,,,,,,


,G11,,,,,,,,,,,,,,,,
,,,,Mon,,,Tue,,,Wed,,,Thu,,,Fri,
,0  (8:00 - 8:25),,,,,,,,,,,,,,,,
,HG  (8:25 - 8:35),,B8.1,LMIL,G11,B8.1,LMIL,G11,B8.1,LMIL,G11,B8.1,LMIL,G11,B8.1,LMIL,G11
,,,,,,,,,9:00 - 9:10,,,,,,,,
,1  (8:35 - 9:55),,12ECO.A,PANA,G11,9SCI.B,NAIK,G11,11PHY.A,BOZI,G11,9PHP.C,TRUE,G11,7ENG.S,EVAN,G11
,,,,,,,,,9:10 - 10:25,,,,,,,,
,R1  (9:55 - 10:10),,,,,,,,,,,,,,,,
,2  (10:10 - 11:30),,9HSIE.E,,,10SCI.A,LINA,G11,XXXXX,,,11BIO.B,NAIK,G11,12CHM.A,PILL,G11
,,,9HIS.E,MARR,G11,,,,XXXXX,,,,,,10:15 - 11:35,,
,R2  (11:30 - 11:45),,,,,,,,,,,,,,,,
,3  (11:45 - 13:00),,9SCI.A,LAMS,G11,,,,,,,7NNUM.E,TRNL,G11,12ECO.A,PANA,G11
,,,,,,,,,,,,,,,11:50 - 13:05,,
,L1  (13:00 - 13:20),,,,,,,,,,,,,,,,
,L2  (13:20 - 13:35),,,,,,,,,,,,,,,,
,4  (13:35 - 14:50),,,,,12ISC.A,LINA,G11,,,,11BIO.A,LEUN,G11,7NNUM.R,HARR,G11
,5  (14:50 - 15:10),,,,,,,,,,,,,,,,


,G12,,,,,,,,,,,,,,,,
,,,,Mon,,,Tue,,,Wed,,,Thu,,,Fri,
,0  (8:00 - 8:25),,,,,,,,,,,,,,,,
,HG  (8:25 - 8:35),,M8.1,CHAU,G12,M8.1,CHAU,G12,M8.1,CHAU,G12,M8.1,CHAU,G12,M8.1,CHAU,G12
,,,,,,,,,9:00 - 9:10,,,,,,,,
,1  (8:35 - 9:55),,9MAT52.P,CHAU,G12,11MAS1.A,HARR,G12,,,,11MAS1.A,HARR,G12,12MAS1.A,CHAU,G12
,R1  (9:55 - 10:10),,,,,,,,,,,,,,,,
,2  (10:10 - 11:30),,10MAT53.A,CHAU,G12,9MAT52.P,CHAU,G12,XXXXX,,,8MAT.U,CHAU,G12,7MAT.S,CHAU,G12
,,,,,,,,,XXXXX,,,,,,10:15 - 11:35,,
,R2  (11:30 - 11:45),,,,,,,,,,,,,,,,
,3  (11:45 - 13:00),,12MAS1.A,CHAU,G12,7MAT.S,CHAU,G12,12MAS1.A,CHAU,G12,10MAT53.A,CHAU,G12,11MAS1.A,HARR,G12
,,,,,,,,,10:55 - 12:10,,,,,,11:50 - 13:05,,
,L1  (13:00 - 13:20),,,,,,,,,,,,,,,,
,L2  (13:20 - 13:35),,,,,,,,,,,,,,,,
,4  (13:35 - 14:50),,8MAT.U,CHAU,G12,10MAT53.A,CHAU,G12,,,,9MAT52.P,CHAU,G12,8MAT.U,CHAU,G12
,5  (14:50 - 15:10),,,,,,,,,,,,,,,,


,G13,,,,,,,,,,,,,,,,
,,,,Mon,,,Tue,,,Wed,,,Thu,,,Fri,
,0  (8:00 - 8:25),,,,,,,,,,,,,,,,
,HG  (8:25 - 8:35),,G9.1,HAKI,G13,G9.1,HAKI,G13,G9.1,HAKI,G13,G9.1,HAKI,G13,G9.1,HAKI,G13
,,,,,,,,,9:00 - 9:10,,,,,,,,
,1  (8:35 - 9:55),,9MAT52.R,LMIL,G13,11MAS.A,LMIL,G13,,,,11MAS.A,LMIL,G13,12MAS.A,HAKI,G13
,R1  (9:55 - 10:10),,,,,,,,,,,,,,,,
,2  (10:10 - 11:30),,10MAT52.I,LMIL,G13,9MAT52.R,LMIL,G13,XXXXX,,,8MAT.S,HAKI,G13,7MAT.E,HAKI,G13
,,,,,,,,,XXXXX,,,,,,10:15 - 11:35,,
,R2  (11:30 - 11:45),,,,,,,,,,,,,,,,
,3  (11:45 - 13:00),,12MAS.A,HAKI,G13,7MAT.E,HAKI,G13,12MAS.A,HAKI,G13,10MAT52.I,LMIL,G13,11MAS.A,LMIL,G13
,,,,,,,,,10:55 - 12:10,,,,,,11:50 - 13:05,,
,L1  (13:00 - 13:20),,,,,,,,,,,,,,,,
,L2  (13:20 - 13:35),,,,,,,,,,,,,,,,
,4  (13:35 - 14:50),,8MAT.S,HAKI,G13,10MAT52.I,LMIL,G13,,,,9MAT52.R,LMIL,G13,8MAT.S,HAKI,G13
,5  (14:50 - 15:10),,,,,,,,,,,,,,,,


,G14,,,,,,,,,,,,,,,,
,,,,Mon,,,Tue,,,Wed,,,Thu,,,Fri,
,0  (8:00 - 8:25),,,,,,,,,,,,,,,,
,HG  (8:25 - 8:35),,G10.1,BRIS,G14,G10.1,BRIS,G14,G10.1,BRIS,G14,G10.1,BRIS,G14,G10.1,BRIS,G14
,,,,,,,,,9:00 - 9:10,,,,,,,,
,1  (8:35 - 9:55),,SMAJ,BRIS,G14,SPEJ,BRIS,G14,SMAJ,BRIS,G14,SMAJ,BRIS,G14,SPEJ,BRIS,G14
,,,,,,,,,9:10 - 10:25,,,,,,,,
,R1  (9:55 - 10:10),,,,,,,,,,,,,,,,
,2  (10:10 - 11:30),,SENJ,BRIS,G14,SLOT.J,GILM,G14,XXXXX,,,SSCJ,BRIS,G14,SSCJ,BRIS,G14
,,,,,,,,,XXXXX,,,,,,10:15 - 11:35,,
,R2  (11:30 - 11:45),,,,,,,,,,,,,,,,
,3  (11:45 - 13:00),,,,,SENJ,BRIS,G14,SPEJ,BRIS,G14,SHSJ,ROTO,G14,,,
,,,,,,,,,10:55 - 12:10,,,,,,,,
,L1  (13:00 - 13:20),,,,,,,,,,,,,,,,
,L2  (13:20 - 13:35),,,,,,,,,,,,,,,,
,4  (13:35 - 14:50),,SLOT.J,BRIS,G14,SHSJ,ROTO,G14,,,,SENJ,BRIS,G14,STAJ,MILM,G14
,5  (14:50 - 15:10),,,,,,,,,,,,,,,,


,G15,,,,,,,,,,,,,,,,
,,,,Mon,,,Tue,,,Wed,,,Thu,,,Fri,
,0  (8:00 - 8:25),,,,,,,,,,,,,,,,
,HG  (8:25 - 8:35),,G8.1,ZIAM,G15,G8.1,ZIAM,G15,G8.1,PAG,G15,G8.1,ZIAM,G15,G8.1,ZIAM,G15
,,,,,,,,,9:00 - 9:10,,,,,,,,
,1  (8:35 - 9:55),,12IPT.A,ZIAM,G15,12IPT.A,ZIAM,G15,,,,10IST.A,ZIAM,G15,9IST.A,ZIAM,G15
,R1  (9:55 - 10:10),,,,,,,,,,,,,,,,
,2  (10:10 - 11:30),,,,,,,,XXXXX,,,9IST.A,ZIAM,G15,11IPT.A,ZIAM,G15
,,,,,,,,,XXXXX,,,,,,10:15 - 11:35,,
,R2  (11:30 - 11:45),,,,,,,,,,,,,,,,
,3  (11:45 - 13:00),,11IPT.A,ZIAM,G15,11IPT.A,ZIAM,G15,,,,,,,12IPT.A,ZIAM,G15
,,,,,,,,,,,,,,,11:50 - 13:05,,
,L1  (13:00 - 13:20),,,,,,,,,,,,,,,,
,L2  (13:20 - 13:35),,,,,,,,,,,,,,,,
,4  (13:35 - 14:50),,10IST.A,ZIAM,G15,STAS,BONL,G15,,,,,,,,,
,5  (14:50 - 15:10),,,,,,,,,,,,,,,,


,G16,,,,,,,,,,,,,,,,
,,,,Mon,,,Tue,,,Wed,,,Thu,,,Fri,
,0  (8:00 - 8:25),,,,,,,,,,,,,,,,
,HG  (8:25 - 8:35),,,,,,,,,,,,,,,,
,1  (8:35 - 9:55),,SHSI,GILM,G16,SMAI,ROTO,G16,SENI,ROTO,G16,STAI,EBEN,G16,SPEI,ROTO,G16
,,,,,,,,,9:10 - 10:25,,,,,,,,
,R1  (9:55 - 10:10),,,,,,,,,,,,,,,,
,2  (10:10 - 11:30),,SMAI,ROTO,G16,SPEI,ROTO,G16,XXXXX,,,SENI,ROTO,G16,SENI,ROTO,G16
,,,,,,,,,XXXXX,,,,,,10:15 - 11:35,,
,R2  (11:30 - 11:45),,,,,,,,,,,,,,,,
,3  (11:45 - 13:00),,SHSI,GILM,G16,SLOT.I,EBEN,G16,SLOT.I,EBEN,G16,SSCI,BRIS,G16,SSCI,BRIS,G16
,,,,,,,,,10:55 - 12:10,,,,,,11:50 - 13:05,,
,L1  (13:00 - 13:20),,,,,,,,,,,,,,,,
,L2  (13:20 - 13:35),,,,,,,,,,,,,,,,
,4  (13:35 - 14:50),,SPEI,ROTO,G16,STAI,EBEN,G16,,,,SMAI,ROTO,G16,,,
,5  (14:50 - 15:10),,,,,,,,,,,,,,,,


,G17,,,,,,,,,,,,,,,,
,,,,Mon,,,Tue,,,Wed,,,Thu,,,Fri,
,0  (8:00 - 8:25),,,,,,,,,,,,,,,,
,HG  (8:25 - 8:35),,B7.1,EBEN,G17,B7.1,EBEN,G17,B7.1,EBEN,G17,B7.1,EBEN,G17,B7.1,PAG,G17
,,,,,,,,,9:00 - 9:10,,,,,,,,
,1  (8:35 - 9:55),,SENS,EBEN,G17,SHSS,GILM,G17,SMAS,FARD,G17,SMAS,FARD,G17,SPES,PAG,G17
,,,,,,,,,9:10 - 10:25,,,,,,,,
,R1  (9:55 - 10:10),,,,,,,,,,,,,,,,
,2  (10:10 - 11:30),,SHSS,GILM,G17,SENS,EBEN,G17,XXXXX,,,SSCS,EBEN,G17,STAS,BONL,G17
,,,,,,,,,XXXXX,,,,,,10:15 - 11:35,,
,R2  (11:30 - 11:45),,,,,,,,,,,,,,,,
,3  (11:45 - 13:00),,SSCS,EBEN,G17,SWKS,ROTO,G17,SHSS,GILM,G17,SENS,EBEN,G17,SMAS,FARD,G17
,,,,,,,,,10:55 - 12:10,,,,,,11:50 - 13:05,,
,L1  (13:00 - 13:20),,,,,,,,,,,,,,,,
,L2  (13:20 - 13:35),,,,,,,,,,,,,,,,
,4  (13:35 - 14:50),,SPES,EBEN,G17,,,,,,,SSCS,EBEN,G17,SPES,PAG,G17
,5  (14:50 - 15:10),,,,,,,,,,,,,,,,


,G18,,,,,,,,,,,,,,,,
,,,,Mon,,,Tue,,,Wed,,,Thu,,,Fri,
,0  (8:00 - 8:25),,,,,,,,,,,,,,,,
,HG  (8:25 - 8:35),,M7.1,KIML,G18,M7.1,KIML,G18,M7.1,KIML,G18,M7.1,BONL,G18,M7.1,BONL,G18
,,,,,,,,,9:00 - 9:10,,,,,,,,
,1  (8:35 - 9:55),,7VAT.5,KIML,G18,8VAT.0,KIML,G18,10VAT.A,KIML,G18,8VAT.0,BONL,G18,,,
,,,,,,,,,9:10 - 10:25,,,,,,,,
,R1  (9:55 - 10:10),,,,,,,,,,,,,,,,
,2  (10:10 - 11:30),,7VAT.4,KIML,G18,8VAT.5,KIML,G18,XXXXX,,,7VAT.5,BONL,G18,,,
,R2  (11:30 - 11:45),,,,,,,,,,,,,,,,
,3  (11:45 - 13:00),,,,,8VAT.4,KIML,G18,11VAT.A,KIML,G18,,,,8VAT.5,BONL,G18
,,,,,,,,,10:55 - 12:10,,,,,,11:50 - 13:05,,
,L1  (13:00 - 13:20),,,,,,,,,,,,,,,,
,L2  (13:20 - 13:35),,,,,,,,,,,,,,,,
,4  (13:35 - 14:50),,11VAT.A,KIML,G18,,,,,,,,,,10VAT.A,BONL,G18
,5  (14:50 - 15:10),,,,,,,,,,,,,,,,


,G19,,,,,,,,,,,,,,,,
,,,,Mon,,,Tue,,,Wed,,,Thu,,,Fri,
,0  (8:00 - 8:25),,,,,,,,,,,,,,,,
,HG  (8:25 - 8:35),,M5.1,TRNL,G19,M5.1,TRNL,G19,M5.1,TRNL,G19,M5.1,TRNL,G19,M5.1,TRNL,G19
,,,,,,,,,9:00 - 9:10,,,,,,,,
,1  (8:35 - 9:55),,,,,,,,10MUS.A,POPO,G19,,,,7MUS.6,DCOST,G19
,,,,,,,,,9:10 - 10:25,,,,,,,,
,R1  (9:55 - 10:10),,,,,,,,,,,,,,,,
,2  (10:10 - 11:30),,,,,,,,XXXXX,,,7MUS.8,ODEA,G19,,,
,R2  (11:30 - 11:45),,,,,,,,,,,,,,,,
,3  (11:45 - 13:00),,,,,,,,8MUS.3,DCOST,G19,8VAT.4,BONL,G19,,,
,,,,,,,,,10:55 - 12:10,,,,,,,,
,L1  (13:00 - 13:20),,,,,,,,,,,,,,,,
,L2  (13:20 - 13:35),,,,,,,,,,,,,,,,
,4  (13:35 - 14:50),,,,,8MUS.1,POPO,G19,,,,11VAT.A,BONL,G19,SMU.I,DCOST,G19
,5  (14:50 - 15:10),,,,,,,,,,,,,,,,


,G2,,,,,,,,,,,,,,,,
,,,,Mon,,,Tue,,,Wed,,,Thu,,,Fri,
,0  (8:00 - 8:25),,,,,,,,,,,,,,,,
,HG  (8:25 - 8:35),,,,,,,,,,,,,,,,
,1  (8:35 - 9:55),,7SCI.R,LINA,G2,9SCI.E,LINA,G2,7SCI.E,SCAK,G2,8SCI.R,SCAK,G2,8SCI.R,SCAK,G2
,,,,,,,,,9:10 - 10:25,,,,,,,,
,R1  (9:55 - 10:10),,,,,,,,,,,,,,,,
,2  (10:10 - 11:30),,8SCI.R,SCAK,G2,10SCI.F,LAMS,G2,XXXXX,,,10SCI.F,LAMS,G2,11CHM.B,SCAK,G2
,,,,,,,,,XXXXX,,,,,,10:15 - 11:35,,
,R2  (11:30 - 11:45),,,,,,,,,,,,,,,,
,3  (11:45 - 13:00),,9SCI.E,LINA,G2,11CHM.B,SCAK,G2,11CHM.A,SCAK,G2,7SCI.R,LINA,G2,7SCI.R,LINA,G2
,,,,,,,,,10:55 - 12:10,,,,,,11:50 - 13:05,,
,L1  (13:00 - 13:20),,,,,,,,,,,,,,,,
,L2  (13:20 - 13:35),,,,,,,,,,,,,,,,
,4  (13:35 - 14:50),,11CHM.A,SCAK,G2,7SCI.E,SCAK,G2,,,,11CHM.A,SCAK,G2,7SCI.E,SCAK,G2
,5  (14:50 - 15:10),,,,,,,,,,,,,,,,


,G3,,,,,,,,,,,,,,,,
,,,,Mon,,,Tue,,,Wed,,,Thu,,,Fri,
,0  (8:00 - 8:25),,,,,,,,,,,,,,,,
,HG  (8:25 - 8:35),,M9.1,LINA,G3,M9.1,LINA,G3,M9.1,LINA,G3,M9.1,LINA,G3,M9.1,LINA,G3
,,,,,,,,,9:00 - 9:10,,,,,,,,
,1  (8:35 - 9:55),,8SCI.Y,PILL,G3,9SCI.F,PILL,G3,8SCI.Y,PILL,G3,8SCI.C,LINA,G3,,,
,,,,,,,,,9:10 - 10:25,,,,,,,,
,R1  (9:55 - 10:10),,,,,,,,,,,,,,,,
,2  (10:10 - 11:30),,8SCI.E,KAUR,G3,10SCI.C,KAUR,G3,XXXXX,,,10SCI.C,PILL,G3,10SCI.C,KAUR,G3
,,,,,,,,,XXXXX,,,,,,10:15 - 11:35,,
,R2  (11:30 - 11:45),,,,,,,,,,,,,,,,
,3  (11:45 - 13:00),,9SCI.F,PILL,G3,12CHM.A,PILL,G3,8SCI.T,PILL,G3,12CHM.A,PILL,G3,,,
,,,,,,,,,10:55 - 12:10,,,,,,,,
,L1  (13:00 - 13:20),,,,,,,,,,,,,,,,
,L2  (13:20 - 13:35),,,,,,,,,,,,,,,,
,4  (13:35 - 14:50),,,,,8SCI.T,PILL,G3,,,,8SCI.T,PILL,G3,,,
,5  (14:50 - 15:10),,,,,,,,,,,,,,,,


,G4,,,,,,,,,,,,,,,,
,,,,Mon,,,Tue,,,Wed,,,Thu,,,Fri,
,0  (8:00 - 8:25),,,,,12MAX.2.1,TRAN,G4,,,,,,,12MAX.A,HARR,G4
,HG  (8:25 - 8:35),,G6.1,TRAN,G4,G6.1,TRAN,G4,G6.1,TRAN,G4,G6.1,TRAN,G4,G6.1,TRAN,G4
,,,,,,,,,9:00 - 9:10,,,,,,,,
,1  (8:35 - 9:55),,9MAT53.B,TRNL,G4,11MAT.A,TRAN,G4,7NNUM.T,TRAN,G4,11MAT.A,TRAN,G4,12MAT.A,HARR,G4
,,,,,,,,,9:10 - 10:25,,,,,,,,
,R1  (9:55 - 10:10),,,,,,,,,,,,,,,,
,2  (10:10 - 11:30),,10MAT52.S,TRAN,G4,9MAT53.B,TRNL,G4,XXXXX,,,8MAT.R,TRAN,G4,7MAT.P,TRAN,G4
,,,,,,,,,XXXXX,,,,,,10:15 - 11:35,,
,R2  (11:30 - 11:45),,,,,,,,,,,,,,,,
,3  (11:45 - 13:00),,12MAT.A,HARR,G4,7MAT.P,TRAN,G4,12MAT.A,HARR,G4,10MAT52.S,TRAN,G4,11MAT.A,TRAN,G4
,,,,,,,,,10:55 - 12:10,,,,,,11:50 - 13:05,,
,L1  (13:00 - 13:20),,,,,,,,,,,,,,,,
,L2  (13:20 - 13:35),,,,,,,,,,,,,,,,
,4  (13:35 - 14:50),,8MAT.R,TRAN,G4,10MAT52.S,TRAN,G4,,,,9MAT53.B,TRNL,G4,8MAT.R,TRAN,G4
,5  (14:50 - 15:10),,,,,,,,,,,,,,,,


,HALL,,,,,,,,,,,,,,,,
,,,,Mon,,,Tue,,,Wed,,,Thu,,,Fri,
,0  (8:00 - 8:25),,,,,,,,,,,,,,,,
,HG  (8:25 - 8:35),,,,,,,,,,,,,,,,
,1  (8:35 - 9:55),,12VETENT.A,POPO,HALL,12VETENT.A,POPO,HALL,,,,,,,,,
,R1  (9:55 - 10:10),,,,,,,,,,,,,,,,
,2  (10:10 - 11:30),,,,,,,,XXXXX,,,,,,11VETENT.A,LUCK,HALL
,,,,,,,,,XXXXX,,,,,,10:15 - 11:35,,
,R2  (11:30 - 11:45),,,,,,,,,,,,,,,,
,3  (11:45 - 13:00),,11VETENT.A,LUCK,HALL,11VETENT.A,LUCK,HALL,,,,,,,12VETENT.A,POPO,HALL
,,,,,,,,,,,,,,,11:50 - 13:05,,
,L1  (13:00 - 13:20),,,,,,,,,,,,,,,,
,L2  (13:20 - 13:35),,,,,,,,,,,,,,,,
,4  (13:35 - 14:50),,,,,,,,,,,,,,,,
,5  (14:50 - 15:10),,,,,,,,,,,,,,,,


,LC,,,,,,,,,,,,,,,,
,,,,Mon,,,Tue,,,Wed,,,Thu,,,Fri,
,0  (8:00 - 8:25),,,,,,,,,,,,,,,,
,HG  (8:25 - 8:35),,,,,,,,,,,,,,,,
,1  (8:35 - 9:55),,,,,SGirls.13934,COOK,LC,SGirls.13934,COOK,LC,,,,,,
,,,,,,,,,9:10 - 10:25,,,,,,,,
,R1  (9:55 - 10:10),,,,,,,,,,,,,,,,
,2  (10:10 - 11:30),,,,,SGirls.13934,COOK,LC,XXXXX,,,,,,,,
,R2  (11:30 - 11:45),,,,,,,,,,,,,,,,
,3  (11:45 - 13:00),,,,,,,,,,,,,,,,
,L1  (13:00 - 13:20),,,,,,,,,,,,,,,,
,L2  (13:20 - 13:35),,,,,,,,,,,,,,,,
,4  (13:35 - 14:50),,,,,,,,,,,,,,,,
,5  (14:50 - 15:10),,,,,,,,,,,,,,,,


,LIB1,,,,,,,,,,,,,,,,
,,,,Mon,,,Tue,,,Wed,,,Thu,,,Fri,
,0  (8:00 - 8:25),,,,,,,,,,,,,,,,
,HG  (8:25 - 8:35),,M4.1,GORD,LIB1,M4.1,GORD,LIB1,M4.1,GORD,LIB1,M4.1,GORD,LIB1,M4.1,GORD,LIB1
,,,,,,,,,9:00 - 9:10,,,,,,,,
,1  (8:35 - 9:55),,,,,,,,,,,,,,,,
,R1  (9:55 - 10:10),,,,,,,,,,,,,,,,
,2  (10:10 - 11:30),,,,,,,,XXXXX,,,,,,,,
,R2  (11:30 - 11:45),,,,,,,,,,,,,,,,
,3  (11:45 - 13:00),,7NLIT.P,GORD,LIB1,,,,,,,,,,,,
,L1  (13:00 - 13:20),,,,,,,,,,,,,,,,
,L2  (13:20 - 13:35),,,,,,,,,,,,,,,,
,4  (13:35 - 14:50),,7NLIT.R,GORD,LIB1,,,,,,,,,,,,
,5  (14:50 - 15:10),,,,,,,,,,,,,,,,


,LIB2,,,,,,,,,,,,,,,,
,,,,Mon,,,Tue,,,Wed,,,Thu,,,Fri,
,0  (8:00 - 8:25),,,,,,,,,,,,,,,,
,HG  (8:25 - 8:35),,,,,,,,,,,,,,,,
,1  (8:35 - 9:55),,12Study.R1,,LIB2,,,,11Study.R1,,LIB2,12Study.R1,,LIB2,12Study.R1,,LIB2
,,,,,,,,,9:10 - 10:25,,,,,,,,
,R1  (9:55 - 10:10),,,,,,,,,,,,,,,,
,2  (10:10 - 11:30),,11Study.R1,,LIB2,12Study.R1,,LIB2,XXXXX,,,11Study.R1,,LIB2,11Study.R1,MILL,LIB2
,,,,,,,,,XXXXX,,,,,,10:15 - 11:35,,
,R2  (11:30 - 11:45),,,,,,,,,,,,,,,,
,3  (11:45 - 13:00),,11Study.R1,,LIB2,11Study.R1,,LIB2,11Study.R1,,LIB2,12Study.R1,ROY,LIB2,,,
,,,,,,,,,10:55 - 12:10,,,,,,,,
,L1  (13:00 - 13:20),,,,,,,,,,,,,,,,
,L2  (13:20 - 13:35),,,,,,,,,,,,,,,,
,4  (13:35 - 14:50),,11Study.R1,,LIB2,11Study.R1,,LIB2,,,,11Study.R1,,LIB2,12Study.R1,,LIB2
,5  (14:50 - 15:10),,,,,,,,,,,,,,,,


,LIB3,,,,,,,,,,,,,,,,
,,,,Mon,,,Tue,,,Wed,,,Thu,,,Fri,
,0  (8:00 - 8:25),,,,,,,,,,,,,,,,
,HG  (8:25 - 8:35),,,,,,,,,,,,,,,,
,1  (8:35 - 9:55),,,,,,,,,,,,,,,,
,R1  (9:55 - 10:10),,,,,,,,,,,,,,,,
,2  (10:10 - 11:30),,,,,,,,XXXXX,,,,,,,,
,R2  (11:30 - 11:45),,,,,,,,,,,,,,,,
,3  (11:45 - 13:00),,,,,,,,11UAVAIR.A,DEWH,LIB3,,,,,,
,,,,,,,,,10:55 - 12:10,,,,,,,,
,L1  (13:00 - 13:20),,,,,,,,,,,,,,,,
,L2  (13:20 - 13:35),,,,,,,,,,,,,,,,
,4  (13:35 - 14:50),,11UAVAIR.A,DEWH,LIB3,,,,,,,,,,,,
,5  (14:50 - 15:10),,,,,,,,,,,,,,,,


,LIB4,,,,,,,,,,,,,,,,
,,,,Mon,,,Tue,,,Wed,,,Thu,,,Fri,
,0  (8:00 - 8:25),,,,,,,,,,,,,,,,
,HG  (8:25 - 8:35),,,,,,,,,,,,,,,,
,1  (8:35 - 9:55),,,,,,,,,,,,,,11Study.R1,,LIB4
,R1  (9:55 - 10:10),,,,,,,,,,,,,,,,
,2  (10:10 - 11:30),,,,,,,,XXXXX,,,,,,,,
,R2  (11:30 - 11:45),,,,,,,,,,,,,,,,
,3  (11:45 - 13:00),,,,,,,,,,,,,,,,
,L1  (13:00 - 13:20),,,,,,,,,,,,,,,,
,L2  (13:20 - 13:35),,,,,,,,,,,,,,,,
,4  (13:35 - 14:50),,,,,,,,,,,,,,,,
,5  (14:50 - 15:10),,,,,,,,,,,,,,,,


,LIB5,,,,,,,,,,,,,,,,
,,,,Mon,,,Tue,,,Wed,,,Thu,,,Fri,
,0  (8:00 - 8:25),,,,,,,,,,,,,,,,
,HG  (8:25 - 8:35),,,,,,,,,,,,,,,,
,1  (8:35 - 9:55),,,,,12Study.R1,,LIB5,12Study.R1,,LIB5,,,,,,
,,,,,,,,,9:10 - 10:25,,,,,,,,
,R1  (9:55 - 10:10),,,,,,,,,,,,,,,,
,2  (10:10 - 11:30),,12Study.R1,,LIB5,11Study.R1,,LIB5,XXXXX,,,12Study.R1,,LIB5,12Study.R1,SCAR,LIB5
,,,,,,,,,XXXXX,,,,,,10:15 - 11:35,,
,R2  (11:30 - 11:45),,,,,,,,,,,,,,,,
,3  (11:45 - 13:00),,12Study.R1,,LIB5,12Study.R1,BOZI,LIB5,12Study.R1,,LIB5,,,,12Study.R1,ROTO,LIB5
,,,,,,,,,10:55 - 12:10,,,,,,11:50 - 13:05,,
,L1  (13:00 - 13:20),,,,,,,,,,,,,,,,
,L2  (13:20 - 13:35),,,,,,,,,,,,,,,,
,4  (13:35 - 14:50),,12Study.R1,,LIB5,12Study.R1,,LIB5,,,,12Study.R1,,LIB5,,,
,5  (14:50 - 15:10),,,,,,,,,,,,,,,,


,TUT3,,,,,,,,,,,,,,,,
,,,,Mon,,,Tue,,,Wed,,,Thu,,,Fri,
,0  (8:00 - 8:25),,,,,,,,,,,,,,,,
,HG  (8:25 - 8:35),,,,,,,,,,,,,,,,
,1  (8:35 - 9:55),,,,,MENT,HAKI,TUT3,MENT,HAKI,TUT3,MENT,HAKI,TUT3,,,
,,,,,,,,,9:10 - 10:25,,,,,,,,
,R1  (9:55 - 10:10),,,,,,,,,,,,,,,,
,2  (10:10 - 11:30),,MENT,HAKI,TUT3,MENT,HAKI,TUT3,XXXXX,,,SOJAP.13850,ROY,TUT3,,,
,R2  (11:30 - 11:45),,,,,,,,,,,,,,,,
,3  (11:45 - 13:00),,,,,,,,,,,MENT,HAKI,TUT3,,,
,L1  (13:00 - 13:20),,,,,,,,,,,,,,,,
,L2  (13:20 - 13:35),,,,,,,,,,,,,,,,
,4  (13:35 - 14:50),,,,,,,,,,,,,,,,
,5  (14:50 - 15:10),,,,,,,,,,,,,,,,


